artist_id,name,popularity,followers,genres,url
5naPJsWUJ6y22yKXA6dX36,Silet Open Up,74,89837,"lagu timur,maluku,dangdut,funkot",https://open.spotify.com/artist/5naPJsWUJ6y22yKXA6dX36
7sGSFhUe26nmXPxw3KuXrj,Jacson Seran,70,8020,"lagu timur,maluku,dangdut,funkot",https://open.spotify.com/artist/7sGSFhUe26nmXPxw3KuXrj
0eYCIajsbVsMjVUIkcomIY,Juan Reza,70,8958,"lagu timur,maluku,dangdut,funkot",https://open.spotify.com/artist/0eYCIajsbVsMjVUIkcomIY
5aOpLMYo7aOOxoXBFkiJ4u,Diva Aurel,70,1532,"lagu timur,maluku,dangdut,funkot",https://open.spotify.com/artist/5aOpLMYo7aOOxoXBFkiJ4u
374NOHOFF57pYs9QOhuKJq,Sammy Simorangkir,60,1337140,"indonesian pop,malay",https://open.spotify.com/artist/374NOHOFF57pYs9QOhuKJq
40PicaEW20NiaEe9VZhvzo,StarBe,27,20472,indonesian pop,https://open.spotify.com/artist/40PicaEW20NiaEe9VZhvzo
5R0U4DSRlKGCFcyJa4z4yD,Calvin Jeremy,31,42640,"indonesian pop,city pop",https://open.spotify.com/artist/5R0U4DSRlKGCFcyJa4z4yD
0uGUpFXAdhKMgiHwbueiuf,Mike Mohede,50,185008,"maluku,indonesian pop,worship",https://open.spotify.com/artist/0uGUpFXAdhKMgiHwbueiuf
2xhiFN2vBo74D6PV7FdNx4,Cita Rahayu,9,551,"indie jazz,indonesian indie",https://open.spotify.com/artist/2xhiFN2vBo74D6PV7FdNx4
6r2NRFjucCptbMJHvRtLXL,Bloodlyne,44,1153,,https://open.spotify.com/artist/6r2NRFjucCptbMJHvRtLXL
2XqFR1wG7EVhbJNJcBNMCa,Laluantala,25,21,indonesian pop,https://open.spotify.com/artist/2XqFR1wG7EVhbJNJcBNMCa
5qt8Dv1w6ccgshcLgw4Hsm,Eddy Sutrisna,9,66,,https://open.spotify.com/artist/5qt8Dv1w6ccgshcLgw4Hsm
6V5o8qVkF6iATGJhUxUNS9,Velvet Sunrise,0,0,,https://open.spotify.com/artist/6V5o8qVkF6iATGJhUxUNS9
7j52x6PnBrgfJxP8ovSXMw,Trisouls,28,53110,indonesian pop,https://open.spotify.com/artist/7j52x6PnBrgfJxP8ovSXMw
5nuPrJQKLTKxnK9I4N6drm,Fort Salta,5,133,,https://open.spotify.com/artist/5nuPrJQKLTKxnK9I4N6drm
3LOmWuKKI1D2SQJI1KIFFY,Bareza,1,2,,https://open.spotify.com/artist/3LOmWuKKI1D2SQJI1KIFFY
419RIfmKwWHo8Pg6p0cLyv,Natawidjadja's Singers,0,0,,https://open.spotify.com/artist/419RIfmKwWHo8Pg6p0cLyv
1xbur4uYMWTS7iFAtMtCVs,Trio Wijaya,7,618,indonesian pop,https://open.spotify.com/artist/1xbur4uYMWTS7iFAtMtCVs
3RoRfz1PqrFp9WmiZ3OBRW,Tefira Kirana,3,30,pop punk,https://open.spotify.com/artist/3RoRfz1PqrFp9WmiZ3OBRW
7caFfxFAG3YlVkDwzJwxTx,Teguh Sants,3,253,indonesian indie,https://open.spotify.com/artist/7caFfxFAG3YlVkDwzJwxTx
0q97PxGIHCg4qyoUy5wW33,Simfoni Semesta Band,0,0,,https://open.spotify.com/artist/0q97PxGIHCg4qyoUy5wW33
6Hg6CVmhaFy7xu9Rw9f7LA,The Oldest,2,25,,https://open.spotify.com/artist/6Hg6CVmhaFy7xu9Rw9f7LA
4BSpQKaWKO7TXHfktvKOQJ,Prabawa,2,34,,https://open.spotify.com/artist/4BSpQKaWKO7TXHfktvKOQJ
6iSe79ckm1ImJaDKaAH8sE,Methosa,28,4049,"indonesian pop,indorock",https://open.spotify.com/artist/6iSe79ckm1ImJaDKaAH8sE
34wjCzpHVo1OhaYFLQlSPv,SOULGROOVE,13,226,,https://open.spotify.com/artist/34wjCzpHVo1OhaYFLQlSPv
0YTMep6ABS7gI4txhB1DFL,TERUNA,20,258,indonesian indie,https://open.spotify.com/artist/0YTMep6ABS7gI4txhB1DFL
0vQEEh1G8Foug2HiqWodyR,Joanna Andrea,27,287,indie jazz,https://open.spotify.com/artist/0vQEEh1G8Foug2HiqWodyR
5ZehL6Uve6p5qcS8BEopR8,Michelle,1,2,,https://open.spotify.com/artist/5ZehL6Uve6p5qcS8BEopR8
6ytVTbKRvyXbotdkOW9sm2,PixelGvrl,12,49,sholawat,https://open.spotify.com/artist/6ytVTbKRvyXbotdkOW9sm2
3teCd0cXYp3e16CYeeYrmQ,Tonewaves,24,172,indonesian pop,https://open.spotify.com/artist/3teCd0cXYp3e16CYeeYrmQ
4YneAEtXsjr0xWNN3nThZa,wijen,1,8,,https://open.spotify.com/artist/4YneAEtXsjr0xWNN3nThZa
5L23AHOnwbJd5mwFpOxhJF,Zufari,14,62,,https://open.spotify.com/artist/5L23AHOnwbJd5mwFpOxhJF
170iV0hAYkuMLK5t90MXdL,The Signals,3,315,,https://open.spotify.com/artist/170iV0hAYkuMLK5t90MXdL
7x29PUSixuwzmCLwnW74sC,Delisha Okta,18,459,sholawat,https://open.spotify.com/artist/7x29PUSixuwzmCLwnW74sC
0m4hddAHeV8NMTMQ5lbZTi,Rachel The Marionette,10,145,,https://open.spotify.com/artist/0m4hddAHeV8NMTMQ5lbZTi
1RlSlqNJdQ4xmmHvi0aRi9,H.E.A.R,2,266,indonesian indie,https://open.spotify.com/artist/1RlSlqNJdQ4xmmHvi0aRi9
1xA9kgJzlNa0CRc5ddVeJc,JVSAN,24,1180,,https://open.spotify.com/artist/1xA9kgJzlNa0CRc5ddVeJc
0i6mAAoB8AnMGb3oEuU2Bo,gazeng,18,414,"jazz rap,jazz beats",https://open.spotify.com/artist/0i6mAAoB8AnMGb3oEuU2Bo
6ygKuZFz2sRggPZRaLHVHD,Aziz Hedra,65,887660,indonesian pop,https://open.spotify.com/artist/6ygKuZFz2sRggPZRaLHVHD
2EB26dHYlQMV3VhPWQEJ7p,Sisca Saras,40,167271,indonesian pop,https://open.spotify.com/artist/2EB26dHYlQMV3VhPWQEJ7p
3grE5TqsfwLPsljwMAnPEl,DAYFAIR,6,33,,https://open.spotify.com/artist/3grE5TqsfwLPsljwMAnPEl
5suJmYI10CoRsbgZJYTsmH,Gede Jerson,14,793,"dance pop,organic house",https://open.spotify.com/artist/5suJmYI10CoRsbgZJYTsmH
2XqfqH91LooFz1Yr6pmRKB,RIZKY WIRAWAN,3,1,,https://open.spotify.com/artist/2XqfqH91LooFz1Yr6pmRKB
2n5g6GMUmSCommxT8NHNPa,Hendra Kumbara,51,136676,"lagu jawa,dangdut",https://open.spotify.com/artist/2n5g6GMUmSCommxT8NHNPa
1GjLGkfM31xkmk4dNtfr2p,Velasena,3,765,indie pop,https://open.spotify.com/artist/1GjLGkfM31xkmk4dNtfr2p
6JOrrKEHplEkLOPvwKwMzA,Itammar Sembiring,1,42,,https://open.spotify.com/artist/6JOrrKEHplEkLOPvwKwMzA
6Yp6qL9eY5BX0kLRN7sH7x,Meha,3,49,,https://open.spotify.com/artist/6Yp6qL9eY5BX0kLRN7sH7x
3njZnidnZfQBevUmJHwPB1,Shayan Malik,1,0,,https://open.spotify.com/artist/3njZnidnZfQBevUmJHwPB1
6A8rTkj37DDRiV5bqte10c,Jabal M Noor,5,8,,https://open.spotify.com/artist/6A8rTkj37DDRiV5bqte10c
2Geo9s1xDu15xCQDYvTjQM,Jabing,19,171,,https://open.spotify.com/artist/2Geo9s1xDu15xCQDYvTjQM
6vqz4duqnbDmCKtsJKTsXT,THE GRNM,3,10,,https://open.spotify.com/artist/6vqz4duqnbDmCKtsJKTsXT
22DJMfqLPgr1FFemAsVDVB,Kirana Setio,15,138,,https://open.spotify.com/artist/22DJMfqLPgr1FFemAsVDVB
6UgERnTHmjk3qXM9x5vzyO,Nadhif Basalamah,73,1639656,"malay,indonesian pop",https://open.spotify.com/artist/6UgERnTHmjk3qXM9x5vzyO
3Ue8z4rtpoJLz6z68GRl4g,Rizkynindra,5,563,indonesian indie,https://open.spotify.com/artist/3Ue8z4rtpoJLz6z68GRl4g
1FJEadyQGIUxjVhy3uzDri,Klausa Kausal,15,17,indonesian pop,https://open.spotify.com/artist/1FJEadyQGIUxjVhy3uzDri
3D0GxuBKgwNURfxxxqEJcP,Kangga,4,49,,https://open.spotify.com/artist/3D0GxuBKgwNURfxxxqEJcP
1H5rua4Z9x5uwWwGEgHmEM,Sonzi Way,0,5,,https://open.spotify.com/artist/1H5rua4Z9x5uwWwGEgHmEM
6FWRTQICNRQwvD4KP4Rjsw,Meha,0,1,,https://open.spotify.com/artist/6FWRTQICNRQwvD4KP4Rjsw
4y1BP8ZWTNs8rGJphMy6WV,Kendah,0,0,,https://open.spotify.com/artist/4y1BP8ZWTNs8rGJphMy6WV
4ZYCOMXbndorK8IYspHtFD,Soraya,0,0,,https://open.spotify.com/artist/4ZYCOMXbndorK8IYspHtFD
14mBJr1Ofap2ksCPonCiG0,Swain,0,0,,https://open.spotify.com/artist/14mBJr1Ofap2ksCPonCiG0
6jcbE06B39psSgMcpJDCds,Celina,0,0,,https://open.spotify.com/artist/6jcbE06B39psSgMcpJDCds
2TEL2eP16FVWR5MlowRQ1G,mahalinda,0,0,,https://open.spotify.com/artist/2TEL2eP16FVWR5MlowRQ1G
3J879M0bqmiqqoSazY4uss,Chandra Rian,0,15,,https://open.spotify.com/artist/3J879M0bqmiqqoSazY4uss
0v1axjG0KwIz3aciZffFMu,Toton Caribo,66,97747,"lagu timur,maluku,batak,funkot",https://open.spotify.com/artist/0v1axjG0KwIz3aciZffFMu
4PUHVTv6waMpd1JUP7G6n2,Wizz Baker,66,198142,"lagu timur,maluku,batak,indonesian pop",https://open.spotify.com/artist/4PUHVTv6waMpd1JUP7G6n2
27CTGmSgvs2cUMSErJ1Thc,Fresly Nikijuluw,66,137337,"lagu timur,maluku,batak,funkot",https://open.spotify.com/artist/27CTGmSgvs2cUMSErJ1Thc
2yNNYQBChuox9A5Ka93BIn,HUNTR/X,92,2271497,k-pop,https://open.spotify.com/artist/2yNNYQBChuox9A5Ka93BIn
0RMJOzHDhAKY1o2j0W0vxY,EJAE,93,230330,k-pop,https://open.spotify.com/artist/0RMJOzHDhAKY1o2j0W0vxY
0Wwji82sLA0Hcvtuak3omb,AUDREY NUNA,92,420391,,https://open.spotify.com/artist/0Wwji82sLA0Hcvtuak3omb
6U1dV7aL68N7Gb0Naq34V5,REI AMI,92,232736,,https://open.spotify.com/artist/6U1dV7aL68N7Gb0Naq34V5
7mW7Tv7NvywKKXqafZo0Lc,KPop Demon Hunters Cast,95,1103000,k-pop,https://open.spotify.com/artist/7mW7Tv7NvywKKXqafZo0Lc
2rSC0z919P3PtyeLI771yU,Ade Febrianto,0,1,,https://open.spotify.com/artist/2rSC0z919P3PtyeLI771yU
5YF7w8DMmsyFctZQqBJYCo,Bowo Soulmate,0,1,,https://open.spotify.com/artist/5YF7w8DMmsyFctZQqBJYCo
61uyNFGe06XtuPxoQPfWsD,Freak Indonesia,2,63,"grunge,indonesian indie",https://open.spotify.com/artist/61uyNFGe06XtuPxoQPfWsD
30Yc4hvDQfm8Epd80C7ooJ,Pasha Andra,6,50,,https://open.spotify.com/artist/30Yc4hvDQfm8Epd80C7ooJ
7Gy1PxqrgsiqWF6JNYPHeB,.Feast,79,3622700,"indonesian indie,indorock,indonesian pop",https://open.spotify.com/artist/7Gy1PxqrgsiqWF6JNYPHeB
6vP4azTCk053nGL0xAYnVH,Tenxi,75,400075,"dangdut,lagu timur,malay,funkot,malay rap",https://open.spotify.com/artist/6vP4azTCk053nGL0xAYnVH
2Iw3yPRqjz5Xh4veKj7oqi,Suisei,68,17849,"lagu timur,dangdut,funkot,malay",https://open.spotify.com/artist/2Iw3yPRqjz5Xh4veKj7oqi
5PTw7KmM8c9QfBjU5caHWs,Jemsii,75,67589,"lagu timur,dangdut,malay,funkot,malay rap",https://open.spotify.com/artist/5PTw7KmM8c9QfBjU5caHWs
42Nx0sjZ1la4joz3HuDbQk,Teman Jakarta,1,26,,https://open.spotify.com/artist/42Nx0sjZ1la4joz3HuDbQk
4lMaxyOo5D7cOWzv2wiRZs,Rombongan Bodonk Koplo,66,19886,"lagu timur,dangdut,funkot,malay",https://open.spotify.com/artist/4lMaxyOo5D7cOWzv2wiRZs
7J6fZ8wiC84JWju54ZmD65,Ncum,66,1560,dangdut,https://open.spotify.com/artist/7J6fZ8wiC84JWju54ZmD65
0o08HG5RA3jtcl6EGrR20f,Serafesya,8,23,,https://open.spotify.com/artist/0o08HG5RA3jtcl6EGrR20f
0WhN4IqvNxfGsUTzHd1emy,Tuan Sidik,1,6,,https://open.spotify.com/artist/0WhN4IqvNxfGsUTzHd1emy
7d86ERlvO5UG44j7Va0Y0C,Pamungkas,74,6636251,"indonesian indie,indonesian pop",https://open.spotify.com/artist/7d86ERlvO5UG44j7Va0Y0C
3BR3Qfra04DICDUB2BL3eu,NAPA,66,91219,,https://open.spotify.com/artist/3BR3Qfra04DICDUB2BL3eu
16eXn6niv96hqDHgmK6E1M,Melly Mike,67,57396,,https://open.spotify.com/artist/16eXn6niv96hqDHgmK6E1M
0BJ2EjOqcfgFvlZXNKrNbE,Saja Boys,86,1518576,,https://open.spotify.com/artist/0BJ2EjOqcfgFvlZXNKrNbE
7JBaynR7JFeniONqbnn1U4,Andrew Choi,88,109316,k-pop,https://open.spotify.com/artist/7JBaynR7JFeniONqbnn1U4
5bXNU0MAF2HSqyFPhYtscH,Neckwav,86,77478,,https://open.spotify.com/artist/5bXNU0MAF2HSqyFPhYtscH
11pXvO7wYuzRWYONDOBd33,Danny Chung,86,34446,,https://open.spotify.com/artist/11pXvO7wYuzRWYONDOBd33
2RYonYiVhhzBz82UFXOvEN,KEVIN WOO,86,81808,,https://open.spotify.com/artist/2RYonYiVhhzBz82UFXOvEN
1eDupbD9kIx8UaZlzcBG5r,samUIL Lee,86,9359,,https://open.spotify.com/artist/1eDupbD9kIx8UaZlzcBG5r
3gqv1kgivAc92KnUm4elKv,Teddybears,66,92966,,https://open.spotify.com/artist/3gqv1kgivAc92KnUm4elKv
33EUXrFKGjpUSGacqEHhU4,Iggy Pop,70,1763635,"proto-punk,glam rock",https://open.spotify.com/artist/33EUXrFKGjpUSGacqEHhU4
41MozSoPIsD1dJM0CLPjZF,BLACKPINK,86,55335161,k-pop,https://open.spotify.com/artist/41MozSoPIsD1dJM0CLPjZF
5RbI1PF4n02wWKmgjk7hAE,Barasuara,68,369737,"indonesian indie,indorock,indonesian pop",https://open.spotify.com/artist/5RbI1PF4n02wWKmgjk7hAE
2DSE0PhxKUmTPLfZm13sup,Rumi,79,128795,,https://open.spotify.com/artist/2DSE0PhxKUmTPLfZm13sup
0rIiNDJUesrgFPkYesJmKl,Jinu,79,84194,,https://open.spotify.com/artist/0rIiNDJUesrgFPkYesJmKl
1uNFoZAHBGtllmzznpCI3s,Justin Bieber,95,84137815,,https://open.spotify.com/artist/1uNFoZAHBGtllmzznpCI3s
79omf4LgzaVAnXIRWPkJUq,Naykilla,71,109137,"lagu timur,dangdut,malay,funkot,malay rap",https://open.spotify.com/artist/79omf4LgzaVAnXIRWPkJUq
2wJ77L3w0hTQDJH9uH39c2,Shanna Shannon,55,137616,"indonesian pop,malay",https://open.spotify.com/artist/2wJ77L3w0hTQDJH9uH39c2
0TkqRdoWr44zUsKi89ji80,Nugraha Pawestri,45,4604,"lagu jawa,dangdut",https://open.spotify.com/artist/0TkqRdoWr44zUsKi89ji80
3UlOKNAlGyi7POSE9kyhfR,Adhitia Sofyan,55,385984,"indonesian indie,indonesian pop",https://open.spotify.com/artist/3UlOKNAlGyi7POSE9kyhfR
78rdZWsKiflQNcM4ecLyi8,Assia Keva,38,2860,,https://open.spotify.com/artist/78rdZWsKiflQNcM4ecLyi8
4f7KfxeHq9BiylGmyXepGt,Tanishk Bagchi,83,5472904,"bollywood,hindi pop,desi,desi pop,gujarati garba",https://open.spotify.com/artist/4f7KfxeHq9BiylGmyXepGt
05etL4pzWd6TSv1x5WrlG3,Faheem Abdullah,80,484733,,https://open.spotify.com/artist/05etL4pzWd6TSv1x5WrlG3
5yzqUq3vXrMkmfcOwMY203,Arslan Nizami,77,35088,,https://open.spotify.com/artist/5yzqUq3vXrMkmfcOwMY203
3GdSQUH1BRtl9UrrtuwJlP,Irshad Kamil,83,148747,"bollywood,hindi pop,desi,sufi",https://open.spotify.com/artist/3GdSQUH1BRtl9UrrtuwJlP
5KSiZki8gCESiSq0z35Ald,Fantomel,65,29891,,https://open.spotify.com/artist/5KSiZki8gCESiSq0z35Ald
2b01rwtcqW5LyfVBMzIFQ4,Kate Linn,65,100246,,https://open.spotify.com/artist/2b01rwtcqW5LyfVBMzIFQ4
4gEMn0YPOdotLOygnk0Ng2,ALLDAY PROJECT,67,380370,k-pop,https://open.spotify.com/artist/4gEMn0YPOdotLOygnk0Ng2
4G9NDjRyZFDlJKMRL8hx3S,sombr,89,2187966,,https://open.spotify.com/artist/4G9NDjRyZFDlJKMRL8hx3S
00x1fYSGhdqScXBRpSj3DW,Olivia Dean,84,925979,pop soul,https://open.spotify.com/artist/00x1fYSGhdqScXBRpSj3DW
79hiSpofXIj7h1wD5KKsk3,Gusti Irwan Wibowo,49,21363,"indonesian indie,indonesian pop",https://open.spotify.com/artist/79hiSpofXIj7h1wD5KKsk3
58C6H14yuEB7fMu5lninwB,Hifdzikhoir,36,1308,indonesian indie,https://open.spotify.com/artist/58C6H14yuEB7fMu5lninwB
46cVq2dwPgzPE3X1VR9TMj,Fourtwnty,74,3457396,"indonesian indie,indonesian pop,indie",https://open.spotify.com/artist/46cVq2dwPgzPE3X1VR9TMj
48yQuRfvklyupKmridU1du,Charita Utami,70,13804,"indonesian indie,funkot,dangdut",https://open.spotify.com/artist/48yQuRfvklyupKmridU1du
73jlPRxT7z5xk29sMqFDjU,Tommee Profitt,68,339835,,https://open.spotify.com/artist/73jlPRxT7z5xk29sMqFDjU
70TsVY28EcEUYSGG5Yw7mp,Sam Tinnesz,68,278624,,https://open.spotify.com/artist/70TsVY28EcEUYSGG5Yw7mp
7FUnhnuowTICdtK0KzH7Ng,brooke,60,6648,,https://open.spotify.com/artist/7FUnhnuowTICdtK0KzH7Ng
1DjZI46mVZZZYmmmygRnTw,Reality Club,66,616450,indonesian indie,https://open.spotify.com/artist/1DjZI46mVZZZYmmmygRnTw
6nUQOIpgG7Sf0DqSJODNmK,Angie Carvalho,51,19577,indonesian pop,https://open.spotify.com/artist/6nUQOIpgG7Sf0DqSJODNmK
7Ln5yumFjHCkeZ8bAzHUcp,Yovie Widianto,69,524449,indonesian pop,https://open.spotify.com/artist/7Ln5yumFjHCkeZ8bAzHUcp
52Jp7JFsa3gRL7uPq59oXn,Namoy Budaya,51,13939,indonesian indie,https://open.spotify.com/artist/52Jp7JFsa3gRL7uPq59oXn
5TevEl8Ggq85DNfPW1XeUy,weaken amore,46,871,,https://open.spotify.com/artist/5TevEl8Ggq85DNfPW1XeUy
7n2Ycct7Beij7Dj7meI4X0,TWICE,87,22769940,k-pop,https://open.spotify.com/artist/7n2Ycct7Beij7Dj7meI4X0
5h0yXHwX93cXIV1GLZFW8m,Nehru Rindra,39,92,,https://open.spotify.com/artist/5h0yXHwX93cXIV1GLZFW8m
25ZVvmN0Tm9Os5K42swK8b,no na,54,67091,,https://open.spotify.com/artist/25ZVvmN0Tm9Os5K42swK8b
0NbKRRBuiIUwS9irPvi7wD,Perunggu,69,139297,indonesian indie,https://open.spotify.com/artist/0NbKRRBuiIUwS9irPvi7wD
3c0gDdb9lhnHGFtP4prQpn,KATSEYE,86,3758137,k-pop,https://open.spotify.com/artist/3c0gDdb9lhnHGFtP4prQpn
6YVMFz59CuY7ngCxTxjpxE,aespa,80,9451957,k-pop,https://open.spotify.com/artist/6YVMFz59CuY7ngCxTxjpxE
06HL4z0CvFAxyc27GXpf02,Taylor Swift,100,142453597,,https://open.spotify.com/artist/06HL4z0CvFAxyc27GXpf02
4LEiUm1SRbFMgfqnQTwUbQ,Bon Iver,78,3915097,,https://open.spotify.com/artist/4LEiUm1SRbFMgfqnQTwUbQ
78rUTD7y6Cy67W1RVzYs7t,PinkPantheress,81,4591623,bedroom pop,https://open.spotify.com/artist/78rUTD7y6Cy67W1RVzYs7t
6q87vizIEdEN4NvlR6mjfT,Sheila On 7,79,11029262,"indonesian pop,malay,indorock,indonesian indie",https://open.spotify.com/artist/6q87vizIEdEN4NvlR6mjfT
1gBUSTR3TyDdTVFIaQnc02,NCT DREAM,76,8225642,"k-pop,noise music",https://open.spotify.com/artist/1gBUSTR3TyDdTVFIaQnc02
5LcNPa8f8bRmZqELgoRFkN,Raim Laode,71,1543696,"indonesian pop,indonesian indie",https://open.spotify.com/artist/5LcNPa8f8bRmZqELgoRFkN
4oLeXFyACqeem2VImYeBFe,Fred again..,80,2105850,"stutter house,house",https://open.spotify.com/artist/4oLeXFyACqeem2VImYeBFe
2p1fiYHYiXz9qi0JJyxBzN,Skepta,80,1595395,"grime,uk grime",https://open.spotify.com/artist/2p1fiYHYiXz9qi0JJyxBzN
79NDEw5QWlDC9KaIbogNhS,PlaqueBoyMax,73,175653,,https://open.spotify.com/artist/79NDEw5QWlDC9KaIbogNhS
1ZLU77nRzQIaP23mVSYpCQ,Hearts2Hearts,67,469662,k-pop,https://open.spotify.com/artist/1ZLU77nRzQIaP23mVSYpCQ
2yK0XmEXeIJMXxW0rD3N8f,Shabrina Leanor,59,48655,indonesian pop,https://open.spotify.com/artist/2yK0XmEXeIJMXxW0rD3N8f
5OZXWMwDhlYBRvoOfcX0sk,Raisa,66,4083647,indonesian pop,https://open.spotify.com/artist/5OZXWMwDhlYBRvoOfcX0sk
13y29W8mEcA2gKqUr1SPLJ,Rony Parulian,71,400798,indonesian pop,https://open.spotify.com/artist/13y29W8mEcA2gKqUr1SPLJ
4AhHkaGz7W2bKKJK90IaV2,Batas Senja,69,935015,"indonesian indie,indonesian pop,malay",https://open.spotify.com/artist/4AhHkaGz7W2bKKJK90IaV2
2kxP07DLgs4xlWz8YHlvfh,NIKI,81,8001814,,https://open.spotify.com/artist/2kxP07DLgs4xlWz8YHlvfh
0RdcUOv3TaCqZYuzOY8gRd,Asila Maisa,45,39290,"indonesian pop,malay",https://open.spotify.com/artist/0RdcUOv3TaCqZYuzOY8gRd
5Y8eJDj37KhaEeqbVO7Ag1,PRETTYMUCH,58,1262499,,https://open.spotify.com/artist/5Y8eJDj37KhaEeqbVO7Ag1
0du5cEVh5yTK9QJze8zA0C,Bruno Mars,93,74308025,,https://open.spotify.com/artist/0du5cEVh5yTK9QJze8zA0C
0RM1II8zWIoFb32PXO1RaR,Jokers,63,5092,,https://open.spotify.com/artist/0RM1II8zWIoFb32PXO1RaR
3tMTXQyRrPmMyHv5SoC0TV,Juicy Luicy,76,3285647,"indonesian pop,indonesian indie",https://open.spotify.com/artist/3tMTXQyRrPmMyHv5SoC0TV
51kyrUsAVqUBcoDEMFkX12,Hindia,82,9627450,"indonesian indie,indonesian pop",https://open.spotify.com/artist/51kyrUsAVqUBcoDEMFkX12
7lXTU6VtJQWfiN2vuZyzqf,Anggis Devaki,59,98709,indonesian pop,https://open.spotify.com/artist/7lXTU6VtJQWfiN2vuZyzqf
6Pu9A4Pe31OK06u1GL8q4c,Betrand Putra Onsu,56,396538,"indonesian pop,malay",https://open.spotify.com/artist/6Pu9A4Pe31OK06u1GL8q4c
5L3RqiyBaI1VDhbNkzhdjc,White Chorus,49,17261,"indonesian indie,electro r&b,breakcore",https://open.spotify.com/artist/5L3RqiyBaI1VDhbNkzhdjc
3e07AHzXnSbfuIBc6IHNio,Dzulfahmi,40,4822,indonesian indie,https://open.spotify.com/artist/3e07AHzXnSbfuIBc6IHNio
5vZpfzIdyiutGngkSKEb8i,Barsena Bestandhi,55,11944,indonesian pop,https://open.spotify.com/artist/5vZpfzIdyiutGngkSKEb8i
53tuXn4uXfDqZYhAFMxZdt,Nyoman Paul,59,231786,indonesian pop,https://open.spotify.com/artist/53tuXn4uXfDqZYhAFMxZdt
2DaxqgrOhkeH0fpeiQq2f4,Oasis,85,12085789,"britpop,madchester",https://open.spotify.com/artist/2DaxqgrOhkeH0fpeiQq2f4
0WOBasNNoE4TJ3CV2xnUvX,Faris Adam,63,155728,"lagu timur,maluku,dangdut,funkot,malay",https://open.spotify.com/artist/0WOBasNNoE4TJ3CV2xnUvX
6Ifk2cbxyVzT41jLexYCas,Budi Doremi,69,2715622,indonesian pop,https://open.spotify.com/artist/6Ifk2cbxyVzT41jLexYCas
2XGXsUKlvlFdk5LYXWTnE3,MikkyZia,62,104475,"lagu timur,dangdut,malay,funkot,indonesian pop",https://open.spotify.com/artist/2XGXsUKlvlFdk5LYXWTnE3
7rgcGnkoprdUMxbl7LSHfX,F4dli,62,27334,"lagu timur,dangdut,malay,funkot,indonesian pop",https://open.spotify.com/artist/7rgcGnkoprdUMxbl7LSHfX
26ez0LOxJMgy1GkkXhZiCV,Glenn Samuel,49,17586,indonesian pop,https://open.spotify.com/artist/26ez0LOxJMgy1GkkXhZiCV
61nn6nOoLWjVC1ER2qFAvN,Cup of Joe,79,3701577,"opm,harana,p-pop,pinoy indie,kundiman",https://open.spotify.com/artist/61nn6nOoLWjVC1ER2qFAvN
0cGUm45nv7Z6M6qdXYQGTX,Kehlani,81,8469800,,https://open.spotify.com/artist/0cGUm45nv7Z6M6qdXYQGTX
0LcJLqbBmaGUft1e9Mm8HV,ABBA,83,14631376,,https://open.spotify.com/artist/0LcJLqbBmaGUft1e9Mm8HV
74KM79TiuVKeVCqs8QtB0B,Sabrina Carpenter,95,25184018,,https://open.spotify.com/artist/74KM79TiuVKeVCqs8QtB0B
1iCnM8foFssWlPRLfAbIwo,Gigi Perez,79,1490553,,https://open.spotify.com/artist/1iCnM8foFssWlPRLfAbIwo
2xlEdRN74IYuAOrLjSNnjT,Nuh...,55,13878,"malay,indonesian pop,indonesian indie",https://open.spotify.com/artist/2xlEdRN74IYuAOrLjSNnjT
6gzXCdfYfFe5XKhPKkYqxV,SUPER JUNIOR,66,2372737,k-pop,https://open.spotify.com/artist/6gzXCdfYfFe5XKhPKkYqxV
1BHC0jEJgDvNXlLhojMUbf,Juan Reza,71,225808,"lagu timur,maluku,dangdut,funkot",https://open.spotify.com/artist/1BHC0jEJgDvNXlLhojMUbf
6HHje5tfmzWK8PsSaoJ9Xp,SAMSONS,66,1302395,"indonesian pop,malay,malay pop,indorock",https://open.spotify.com/artist/6HHje5tfmzWK8PsSaoJ9Xp
1REvGGP2H7cFLGZgK2sStO,The Lantis,65,268575,"malay,indonesian pop,indonesian indie",https://open.spotify.com/artist/1REvGGP2H7cFLGZgK2sStO
6zO1dZ40fTZ5hY9NnnRJSk,yung kai,75,1761992,,https://open.spotify.com/artist/6zO1dZ40fTZ5hY9NnnRJSk
7LH7FnJnYDzDVmTaTKbbOB,Dandy Barakati,57,61043,"lagu timur,funkot,maluku,dangdut",https://open.spotify.com/artist/7LH7FnJnYDzDVmTaTKbbOB
2K1UsmyjLoc1p74gCmrWeh,Dante Nababan,56,2023,"lagu timur,maluku,funkot,dangdut",https://open.spotify.com/artist/2K1UsmyjLoc1p74gCmrWeh
4Z8W4fKeB5YxbusRsdQVPb,Radiohead,88,13258386,"art rock,alternative rock",https://open.spotify.com/artist/4Z8W4fKeB5YxbusRsdQVPb
3mIj9lX2MWuHmhNCA7LSCW,The 1975,79,7895319,,https://open.spotify.com/artist/3mIj9lX2MWuHmhNCA7LSCW
25NpmGlsZgNYgISUeSBLos,Veravey,3,19,,https://open.spotify.com/artist/25NpmGlsZgNYgISUeSBLos
1aMUFfGoTDZiNtJmIX7KWp,Mus Kamal,13,28,indonesian pop,https://open.spotify.com/artist/1aMUFfGoTDZiNtJmIX7KWp
5iVC7vrqlprHGuf28oBqzk,Ryaas Randa,16,88,"indonesian pop,dangdut",https://open.spotify.com/artist/5iVC7vrqlprHGuf28oBqzk
1NDfGczZGdieNujfX8bwGw,Yayat Pamelay,5,13,,https://open.spotify.com/artist/1NDfGczZGdieNujfX8bwGw
0KS6i83DzE5qYUt6YSfSD3,Arin Wolayan,10,228,indonesian pop,https://open.spotify.com/artist/0KS6i83DzE5qYUt6YSfSD3
1s1aDgIDLIH9kp2FG2Crh2,Rahayan,5,3,indonesian pop,https://open.spotify.com/artist/1s1aDgIDLIH9kp2FG2Crh2
4qvUdh1oasLCXuDeSLDJs1,Kanaya Aisyah,8,28,,https://open.spotify.com/artist/4qvUdh1oasLCXuDeSLDJs1
18KFK5wb0ZrKtaX7Tif92Q,Shinta Priwit,2,106,,https://open.spotify.com/artist/18KFK5wb0ZrKtaX7Tif92Q
5M7bsfUiWFMteynCcFgHit,Shinta Priwit,5,39,,https://open.spotify.com/artist/5M7bsfUiWFMteynCcFgHit
2iTXyyBU2vVptvsoLVhGjf,Lunarias,4,37,,https://open.spotify.com/artist/2iTXyyBU2vVptvsoLVhGjf
0jvpUJJoNqGDPfsjhbuGad,HAFIZ,0,174,,https://open.spotify.com/artist/0jvpUJJoNqGDPfsjhbuGad
3zHN9rvZ75jIZyXircCo2e,Axel Farden,8,1587,,https://open.spotify.com/artist/3zHN9rvZ75jIZyXircCo2e
0bNFhN7sNu24IRxH3MJUN6,Tom & His Free Mockingbirds,28,121,,https://open.spotify.com/artist/0bNFhN7sNu24IRxH3MJUN6
2qXmopcNdujdWxX14Nrm3j,keavi,26,0,,https://open.spotify.com/artist/2qXmopcNdujdWxX14Nrm3j
3FdKjsJZWg9HTQzQ57PTpy,Caroline A.Rivas,5,69,,https://open.spotify.com/artist/3FdKjsJZWg9HTQzQ57PTpy
02Ddgr3JOUyrWiGseMedch,Debby Peony,25,90,indonesian pop,https://open.spotify.com/artist/02Ddgr3JOUyrWiGseMedch
79Zc9RCoG3JqImYj4AbTQw,Bokinana Family,22,430,indonesian pop,https://open.spotify.com/artist/79Zc9RCoG3JqImYj4AbTQw
5DQCwlb9kQRmTQlAc2iGaJ,BoogerSnot,11,61,"indonesian indie,pop punk",https://open.spotify.com/artist/5DQCwlb9kQRmTQlAc2iGaJ
6hkR5gd6uFBJPWHg3k0gB9,Gilang Arsa,15,87,,https://open.spotify.com/artist/6hkR5gd6uFBJPWHg3k0gB9
3WBnnxJACT7nMSELX14kzN,Aletta,1,12,,https://open.spotify.com/artist/3WBnnxJACT7nMSELX14kzN
7ISLq8fe2m8RwW9xFjJc39,Mathology,2,220,math rock,https://open.spotify.com/artist/7ISLq8fe2m8RwW9xFjJc39
4H2i22QsKGcsJMEP8VdYy9,Ajie Rhamdani,7,537,,https://open.spotify.com/artist/4H2i22QsKGcsJMEP8VdYy9
5YE4gJ42J4MqgIVCQK0eNU,Teeloe Band,1,12,,https://open.spotify.com/artist/5YE4gJ42J4MqgIVCQK0eNU
7pfmo1zXVhM232fn24xqVF,Evolette,15,191,"sholawat,indonesian pop,lagu jawa",https://open.spotify.com/artist/7pfmo1zXVhM232fn24xqVF
31Cw5ogDdFZCXRjVEs5iDS,Kanti Kupu,0,7,,https://open.spotify.com/artist/31Cw5ogDdFZCXRjVEs5iDS
6QZJ1zKUnT4w0HJIVzoH9p,Rama Swardi,0,3,,https://open.spotify.com/artist/6QZJ1zKUnT4w0HJIVzoH9p
67BB3jaUB90xQPeQroCY73,Growin On The Planet,1,11,indonesian indie,https://open.spotify.com/artist/67BB3jaUB90xQPeQroCY73
46YCxsCJlOPwH4NDXJvQum,Akbar Tawakal,1,22,,https://open.spotify.com/artist/46YCxsCJlOPwH4NDXJvQum
5Ft1sslmiYbUpajTq5WPCH,Atiya Purnomo,14,589,,https://open.spotify.com/artist/5Ft1sslmiYbUpajTq5WPCH
1D3RT9tSIPzrycme1tYHTq,Dyno Wibisono,3,360,indonesian pop,https://open.spotify.com/artist/1D3RT9tSIPzrycme1tYHTq
0m6Tn9bpc8zz8qae9QmSA1,Tomi Temp,1,37,,https://open.spotify.com/artist/0m6Tn9bpc8zz8qae9QmSA1
0EEIsOiUeVxAC7iXEl4fNX,BandSAT!,8,39,,https://open.spotify.com/artist/0EEIsOiUeVxAC7iXEl4fNX
46gk9uso1FSNsvm61T17Uy,Berama,5,21,,https://open.spotify.com/artist/46gk9uso1FSNsvm61T17Uy
7nkTXTWLkVhncNisCUsyyJ,Roby Geisha,3,3,,https://open.spotify.com/artist/7nkTXTWLkVhncNisCUsyyJ
4redGmIrV9gk8A8SXJR2s0,Etenia Croft,33,185,"lagu timur,indonesian pop",https://open.spotify.com/artist/4redGmIrV9gk8A8SXJR2s0
5wZoqr9DBLE7BYXUC1PhSs,AVIWKILA,49,370304,indonesian pop,https://open.spotify.com/artist/5wZoqr9DBLE7BYXUC1PhSs
2gNbl2QJk1HD3pkcU0sch0,Jendela dan Pena,11,383,indonesian indie,https://open.spotify.com/artist/2gNbl2QJk1HD3pkcU0sch0
5N0nlvPtfkCDQxRBcVicKQ,Rusli Zainudin,5,9,,https://open.spotify.com/artist/5N0nlvPtfkCDQxRBcVicKQ
392kwzkszHShPYjUz7TO0E,Liza Aditya,0,49,,https://open.spotify.com/artist/392kwzkszHShPYjUz7TO0E
1LiIxFB0LGjLU6F8sklLdh,Roziana Cindy,21,207,malay,https://open.spotify.com/artist/1LiIxFB0LGjLU6F8sklLdh
1hToUHuef1C2hrhaXXnNro,Sarah Alia,5,132,"lagu timur,malay",https://open.spotify.com/artist/1hToUHuef1C2hrhaXXnNro
5QZUPtNBQvhM2YvTk0ByNC,Aby Sarai,1,1,,https://open.spotify.com/artist/5QZUPtNBQvhM2YvTk0ByNC
2oOQiMG9nqYgtjMgivFApQ,Priskila Wowor,1,60,,https://open.spotify.com/artist/2oOQiMG9nqYgtjMgivFApQ
0lvlGW3zzoF2hV5bH0d0o4,Josh Antonio,2,18,,https://open.spotify.com/artist/0lvlGW3zzoF2hV5bH0d0o4
3oWe1QuA0Qwye3pf0vouVB,Wira Abdi,38,550,"indonesian pop,sholawat",https://open.spotify.com/artist/3oWe1QuA0Qwye3pf0vouVB
7a0uBm2Q37lP5g7tZ7BBTn,IDM Band,20,69,,https://open.spotify.com/artist/7a0uBm2Q37lP5g7tZ7BBTn
76gVDaj7ndXjcexm4tTlPo,Tya Subiakto,44,746,"indonesian pop,sholawat",https://open.spotify.com/artist/76gVDaj7ndXjcexm4tTlPo
36WvSisYnkW9dgAq2rtFzG,Jasper Supayah,25,56,,https://open.spotify.com/artist/36WvSisYnkW9dgAq2rtFzG
3tu9HykrOt3RrUpog257Ua,Bima Wp,31,196,"sholawat,malay pop",https://open.spotify.com/artist/3tu9HykrOt3RrUpog257Ua
1GFIKiUipgbe82QEs0tvg9,Alex Kuple,33,1113,sholawat,https://open.spotify.com/artist/1GFIKiUipgbe82QEs0tvg9
6UI3dC3ke3vhcfIJeu7H57,Rendy Suryadi,23,0,,https://open.spotify.com/artist/6UI3dC3ke3vhcfIJeu7H57
3EKWsNwwPEyQ9YzhIj2jYU,papaRocky,0,2,,https://open.spotify.com/artist/3EKWsNwwPEyQ9YzhIj2jYU
4JRmIUGNaSf6E7cIA3iCtU,Patria NK,19,671,indonesian pop,https://open.spotify.com/artist/4JRmIUGNaSf6E7cIA3iCtU
5EjgOjHk38yPBqc8IR3Tzs,Salsa Nadhif,2,32,,https://open.spotify.com/artist/5EjgOjHk38yPBqc8IR3Tzs
1hPyJFbjHuyBZZSFkMEGmj,Farel Prayoga,45,203116,"dangdut,lagu jawa",https://open.spotify.com/artist/1hPyJFbjHuyBZZSFkMEGmj
4i5FqilXv4mK1UgGyuMxXq,Foni Susanti,2,11,,https://open.spotify.com/artist/4i5FqilXv4mK1UgGyuMxXq
3X7uk7rIGbDTTf2xInJmIG,Rara Riezky Julia,0,0,,https://open.spotify.com/artist/3X7uk7rIGbDTTf2xInJmIG
3j0BzEH2nh3UJdnJFKKH7R,Olla Zahra,1,0,,https://open.spotify.com/artist/3j0BzEH2nh3UJdnJFKKH7R
6RoZip1Hn7ahR6MjzBKKLK,Mawar de Jongh,57,887014,indonesian pop,https://open.spotify.com/artist/6RoZip1Hn7ahR6MjzBKKLK
6x9pgf75qWhi1YKJH2a8Xv,Acha Septriasa,65,439302,"malay,indonesian pop,malay pop",https://open.spotify.com/artist/6x9pgf75qWhi1YKJH2a8Xv
0VGEOq0DqY1IuwqKHR8OI0,The Popstar,19,81,indonesian pop,https://open.spotify.com/artist/0VGEOq0DqY1IuwqKHR8OI0
2p8EGJCCavN09PyTOKY9Lj,Langit Sore,39,42602,"indonesian pop,indonesian indie,indie jazz",https://open.spotify.com/artist/2p8EGJCCavN09PyTOKY9Lj
4ucwey7FxkHXkLK7jSfevU,Andra & The Backbone,64,2243745,"indonesian pop,indorock,malay",https://open.spotify.com/artist/4ucwey7FxkHXkLK7jSfevU
5p9HO3XC5P3BLxJs5Mtrhm,Djo,76,2208785,,https://open.spotify.com/artist/5p9HO3XC5P3BLxJs5Mtrhm
4zw9fpiPphR8PBEiMLVT2e,Gery Gany,49,46542,"indonesian pop,maluku,malay",https://open.spotify.com/artist/4zw9fpiPphR8PBEiMLVT2e
30VMqU6hVQqn46eGWn5rXM,Tissa Biani,37,7249,indonesian pop,https://open.spotify.com/artist/30VMqU6hVQqn46eGWn5rXM
4yRVdMqPrguKBFwZYpmke0,Andi Rianto,61,59102,indonesian pop,https://open.spotify.com/artist/4yRVdMqPrguKBFwZYpmke0
1WX2v0BiEW19Vw7xmznLdZ,Vierra,72,2315337,indonesian pop,https://open.spotify.com/artist/1WX2v0BiEW19Vw7xmznLdZ
7HGA1yaatBdtc7N7S7gPFi,Alisha Dira,25,8708,indonesian pop,https://open.spotify.com/artist/7HGA1yaatBdtc7N7S7gPFi
1NjxFrpEGZTV2Ny0OJxeWu,Sal Priadi,71,1533103,"indonesian indie,indonesian pop",https://open.spotify.com/artist/1NjxFrpEGZTV2Ny0OJxeWu
3txNoNUfBAHT1ZSGT2R30y,Geisha,66,1583783,"indonesian pop,malay",https://open.spotify.com/artist/3txNoNUfBAHT1ZSGT2R30y
20zafXaLhm5IcXnSU93rNn,Nadin Amizah,77,10401619,"indonesian indie,indonesian pop",https://open.spotify.com/artist/20zafXaLhm5IcXnSU93rNn
66NmU5epI0ONGmdCRbLpmW,Feby Putri,72,4078532,"indonesian pop,indonesian indie,malay",https://open.spotify.com/artist/66NmU5epI0ONGmdCRbLpmW
06QVnTCdjs4jPKO0487EGV,Fiersa Besari,68,5698865,"indonesian indie,indonesian pop",https://open.spotify.com/artist/06QVnTCdjs4jPKO0487EGV
5viTsV4BwI62jNF7ERhK4r,Aqeela Calista,49,224116,indonesian pop,https://open.spotify.com/artist/5viTsV4BwI62jNF7ERhK4r
6X28gNASnalAWseUA8uI4X,Adrian Khalif,62,266811,indonesian pop,https://open.spotify.com/artist/6X28gNASnalAWseUA8uI4X
6IDsZZ4IHgs9VblBgQQSmt,Andmesh,68,7179640,"indonesian pop,malay,malay pop",https://open.spotify.com/artist/6IDsZZ4IHgs9VblBgQQSmt
47z98pKd71yIbgXwe9LPVC,Bernadya,73,6956912,"indonesian pop,indonesian indie",https://open.spotify.com/artist/47z98pKd71yIbgXwe9LPVC
