track_id,track_name,duration_ms,popularity,album_id,is_collab,album_name,album_type,release_date,total_tracks,url,artists
02sy7FAs8dkDNYsHp4Ul3f,Soda Pop,150686,96,14JkAa6IiFaOh5s0nMyMU9,True,KPop Demon Hunters (Soundtrack from the Netflix Film),album,2025-06-20,12,https://open.spotify.com/album/14JkAa6IiFaOh5s0nMyMU9,"Andrew Choi, Danny Chung, KEVIN WOO, KPop Demon Hunters Cast, Neckwav, Saja Boys, samUIL Lee"
03QrgRvnAy7uEKRCJjG5qg,Tak Di Tanganku,232383,69,7nmwxEZGiHRlQSj1G1jj4Q,True,Tak Di Tanganku,single,2023-03-16,1,https://open.spotify.com/album/7nmwxEZGiHRlQSj1G1jj4Q,"Juicy Luicy, Mawar de Jongh"
03lzMU5EuPb73VhxyubVbT,Therapy,184263,9,6TQteNMqGOTA161gDJuMCP,True,Memory Lane,single,2025-05-30,6,https://open.spotify.com/album/6TQteNMqGOTA161gDJuMCP,"Aby Sarai, Jabing"
06IuQKhVSXRZd36w8DA7Si,Mari Bagoyang (MARGOY),214400,16,7b3zvlpE19ozJ11BQ1ANX5,False,Mari Bagoyang (MARGOY),single,2025-05-23,1,https://open.spotify.com/album/7b3zvlpE19ozJ11BQ1ANX5,Shinta Priwit
06WUx317ZgnzlEfiWPvcFm,Percuma,247265,63,1enR50jqoFl1yz75axX2sF,True,Percuma,single,2025-06-27,2,https://open.spotify.com/album/1enR50jqoFl1yz75axX2sF,"Anggis Devaki, Betrand Putra Onsu"
06yTARiShxjbHfJ6wTTVZB,Indonesiaku,235527,17,1x4jxK8XoPt6YXRijRsk14,True,Indonesiaku,single,2025-08-01,1,https://open.spotify.com/album/1x4jxK8XoPt6YXRijRsk14,"Etenia Croft, Farel Prayoga"
07iZng80gDpxMdv1ygHrPl,BESTAI,322632,0,7amaNxhFOJUFGJ7SiYxfti,False,BESTAI,single,2024-08-22,2,https://open.spotify.com/album/7amaNxhFOJUFGJ7SiYxfti,Patria NK
08SqHuoeB0gyNsasB7wKsF,Reuni DI Masa Senja,294893,3,6Mm03OGiERHhdRzfOptn2c,True,Reuni DI Masa Senja,single,2024-10-20,1,https://open.spotify.com/album/6Mm03OGiERHhdRzfOptn2c,"Liza Aditya, Rusli Zainudin"
0B0tYbVp7pDQAqKDhgMeaL,Too Good to Say Goodbye,281826,74,4PgleR09JVnm3zY1fW3XBA,False,24K Magic,album,2016-11-17,9,https://open.spotify.com/album/4PgleR09JVnm3zY1fW3XBA,Bruno Mars
0BIBTSFXv5efKc43M1xWOf,Tato,230059,4,0CWHkOQjOy2p7QwuWJR6im,False,Elektromantik - EP,single,2024-01-04,4,https://open.spotify.com/album/0CWHkOQjOy2p7QwuWJR6im,Dyno Wibisono
0DOud3RuGbb81DqzBnhdBX,I'll Do The Same,257941,6,6TQteNMqGOTA161gDJuMCP,False,Memory Lane,single,2025-05-30,6,https://open.spotify.com/album/6TQteNMqGOTA161gDJuMCP,Jabing
0EQBfsLlv47ie3p0fE1QEs,"Kalibata, 2012",301606,68,2ZI3XeIrCM1PsOtK3rlMth,False,Memorandum,album,2022-03-11,11,https://open.spotify.com/album/2ZI3XeIrCM1PsOtK3rlMth,Perunggu
0FFNYT3Ss6qRngnQqNihbg,Mati Rasa,195230,20,2Q6DoXaaqanfjJj7oc3FAq,False,Mati Rasa,single,2025-07-25,1,https://open.spotify.com/album/2Q6DoXaaqanfjJj7oc3FAq,Axel Farden
0FTmksd2dxiE5e3rWyJXs6,back to friends,199032,96,0QLILSOq1IqAqx62drmv4E,False,back to friends,single,2024-12-27,1,https://open.spotify.com/album/0QLILSOq1IqAqx62drmv4E,sombr
0FgtMH57PFYW8DwJVeOO9u,NPC,204695,14,3d0hZvdOh7FRdgpSwsVJQp,False,Pixels And Pain,single,2025-06-05,4,https://open.spotify.com/album/3d0hZvdOh7FRdgpSwsVJQp,Rachel The Marionette
0GgWveIDawMAkGAul1y8So,PEOPLE POWER DANCE,236535,14,4mqIyE1PCDp3BnY4g1cr0R,True,PEOPLE POWER DANCE,single,2025-05-23,1,https://open.spotify.com/album/4mqIyE1PCDp3BnY4g1cr0R,"Tom & His Free Mockingbirds, keavi"
0Gm4kBHqEQjRfZdxyQE34L,Jadi Tuan Putri,243333,57,707IGnRDU5iD3sNGnz6DXU,False,Jadi Tuan Putri,single,2025-06-27,1,https://open.spotify.com/album/707IGnRDU5iD3sNGnz6DXU,Asila Maisa
0I3I9hgBRat6HR5Gzy26jx,33x,434759,70,2ZI3XeIrCM1PsOtK3rlMth,False,Memorandum,album,2022-03-11,11,https://open.spotify.com/album/2ZI3XeIrCM1PsOtK3rlMth,Perunggu
0KHC6bpoT66KXK5g9FxRHM,Bukan Pilihan Hati,252300,3,0sIeOrDGYdwfLZwzXOBjTr,False,RASA & CINTA,single,2025-03-19,4,https://open.spotify.com/album/0sIeOrDGYdwfLZwzXOBjTr,Josh Antonio
0LRvyMVbOtPs0hNVG9K4Fl,Cinta Yang Kupunya,231179,4,51vD0KaAnw14kcpOEGhxVQ,False,Cinta Yang Kupunya,single,2023-01-09,1,https://open.spotify.com/album/51vD0KaAnw14kcpOEGhxVQ,Tya Subiakto
0LWu5Q2l1HcGPE4bCIiWmP,Pengelana Cita,307000,12,5PpRnlcgVCPvYw2IHBfBuL,False,Pengelana Cita,single,2025-06-09,1,https://open.spotify.com/album/5PpRnlcgVCPvYw2IHBfBuL,Trio Wijaya
0MHStU0muAIEMbwdnebYu2,Takedown,182016,94,14JkAa6IiFaOh5s0nMyMU9,True,KPop Demon Hunters (Soundtrack from the Netflix Film),album,2025-06-20,12,https://open.spotify.com/album/14JkAa6IiFaOh5s0nMyMU9,"AUDREY NUNA, EJAE, HUNTR/X, KPop Demon Hunters Cast, REI AMI"
0OxekDWrgVeJysNRwvWW2i,Lupakanmu Selamanya,307000,35,0mbRwReyDNUyL2pT6yMrnK,True,"GLASSDREAM, VOL. 1",album,2023-11-24,12,https://open.spotify.com/album/0mbRwReyDNUyL2pT6yMrnK,"IDM Band, Wira Abdi"
0PyjQ1ebzHH3c6YWW6b74Y,Belajar Jauh Darimu,249600,13,6tdSasG0gHzaUxu4aItHn4,True,Belajar Jauh Darimu,single,2025-06-26,1,https://open.spotify.com/album/6tdSasG0gHzaUxu4aItHn4,"Berama, Roby Geisha"
0R3kJKzoOe82rrUwn2DCmi,d.e.t.i.k.,254000,3,6UEWnCAoImnjVCIjAL3jXA,False,d.e.t.i.k.,single,2025-07-11,1,https://open.spotify.com/album/6UEWnCAoImnjVCIjAL3jXA,Rama Swardi
0Tp169EvwaB90tXEA8sKi7,Moving On,307367,4,1kQYDhggI2EcztJWvWdPKh,False,Moving On,single,2024-02-23,1,https://open.spotify.com/album/1kQYDhggI2EcztJWvWdPKh,HAFIZ
0UDJUJQna4mM807grZYyM1,Labirin Cinta,240457,3,1DMCOyeWI5Pf8QOioqwjb7,False,Labirin Cinta,single,2024-11-09,1,https://open.spotify.com/album/1DMCOyeWI5Pf8QOioqwjb7,Rusli Zainudin
0VbdUgVIvToC8VrhNtXqQh,Gapai Bintang,195714,23,56G9rp9abtLjiXitVlHIO3,False,Bersinar,album,2025-06-19,9,https://open.spotify.com/album/56G9rp9abtLjiXitVlHIO3,Etenia Croft
0VpEX8ib3wE7u8NOw4szU6,Eyes Off You,204266,69,2eiprRNqzj5s3IPLvKsF6z,False,Phases - EP,single,2019-05-24,6,https://open.spotify.com/album/2eiprRNqzj5s3IPLvKsF6z,PRETTYMUCH
0VzdxbJLViTxkYwq3mTY77,Ku Cemburu,225152,9,48yswO4zq9gWwOOStJdhVg,False,Ku Cemburu,single,2025-07-18,1,https://open.spotify.com/album/48yswO4zq9gWwOOStJdhVg,Prabawa
0WwygL3t8Wrx7plraxQBR0,Secepat Ini,260002,7,2eDe1LmDrYIazHGDWJBYwy,False,Secepat Ini,single,2025-08-08,1,https://open.spotify.com/album/2eDe1LmDrYIazHGDWJBYwy,Itammar Sembiring
0XFCyOXaoOVn0koSMZQjbl,I Hope U Know,209397,14,6TQteNMqGOTA161gDJuMCP,False,Memory Lane,single,2025-05-30,6,https://open.spotify.com/album/6TQteNMqGOTA161gDJuMCP,Jabing
0YJ5ZX8f83IbgsEUeHM0We,Kita Yang Bisa,246000,4,0N5mXwuiDLDBOVUZI0MrNP,False,Kita Yang Bisa,single,2023-01-05,1,https://open.spotify.com/album/0N5mXwuiDLDBOVUZI0MrNP,The Signals
0b7PI4ikygOrxYu8TSQI92,Aku Dah Lupa,182354,77,3z8wTqpTbHtfJzfkDQsoPD,True,Aku Dah Lupa,single,2025-03-27,1,https://open.spotify.com/album/3z8wTqpTbHtfJzfkDQsoPD,"F4dli, MikkyZia"
0bxPRWprUVpQK0UFcddkrA,Folded,238120,86,5enIvPn8EEPWMGxzBzxvcm,False,Folded,single,2025-06-11,1,https://open.spotify.com/album/5enIvPn8EEPWMGxzBzxvcm,Kehlani
0khy5D1xcAvf8Vl5jUXfb7,Rocky,236125,2,1KCANu09QEB3HMZCAy7KKb,False,Rocky,single,2025-06-06,1,https://open.spotify.com/album/1KCANu09QEB3HMZCAy7KKb,papaRocky
0oHmGurxefgS3VsvIXWpll,Malaikat Kecil,176149,5,0sIeOrDGYdwfLZwzXOBjTr,False,RASA & CINTA,single,2025-03-19,4,https://open.spotify.com/album/0sIeOrDGYdwfLZwzXOBjTr,Josh Antonio
0peDS2F3fH9U5YKSF9SZmm,Pendampingmu #TahtaHatiku,244666,71,5XvTmKurqOPaImImbDBDFv,False,Pendampingmu #TahtaHatiku,single,2025-05-12,1,https://open.spotify.com/album/5XvTmKurqOPaImImbDBDFv,Shabrina Leanor
0taGkMseEIkIZ3noyFFfZA,Tetap Bukan Kamu (feat. Rony Parulian),256156,67,4SVd1APxtjPLbghqMzqmBq,True,ambiVert,album,2025-06-24,11,https://open.spotify.com/album/4SVd1APxtjPLbghqMzqmBq,"Raisa, Rony Parulian"
0vT4EGZGYzMQh5MAT9J8YW,Pelangi Selepas Hujan Reda,193010,25,30NtK7PbeEQtS8tCAGZqn7,True,Pelangi Selepas Hujan Reda,single,2025-06-06,1,https://open.spotify.com/album/30NtK7PbeEQtS8tCAGZqn7,"Mus Kamal, Ryaas Randa"
0vm6CvtZYMDTkD6kGzNkmR,Air Mata Cinta,310177,1,5QXktgcQlJWpTdNSgiD5BR,False,Air Mata Cinta,single,2023-11-25,1,https://open.spotify.com/album/5QXktgcQlJWpTdNSgiD5BR,Rusli Zainudin
0wIgSteu6sD5OdSM0AG0RU,Bangun Orang Waras,191747,33,0rG0eNyqByRIBkrvEL3DKh,False,Bangun Orang Waras,single,2024-10-11,1,https://open.spotify.com/album/0rG0eNyqByRIBkrvEL3DKh,Methosa
0x9gQeqpGJY08aCOqjcR07,Menjaring Angin,270853,2,1UZmT9gTSIiZ2uUqVL2Bhp,False,Blooming Inspiration,album,2024-12-04,8,https://open.spotify.com/album/1UZmT9gTSIiZ2uUqVL2Bhp,Veravey
0y3PdaJSMjd5cgA3BVfLut,Mati Satu Tak Tumbuh Lagi,279329,51,3c1TKSbv7UARypYZsORhuD,False,Mati Satu Tak Tumbuh Lagi,single,2024-06-07,1,https://open.spotify.com/album/3c1TKSbv7UARypYZsORhuD,Barsena Bestandhi
0ys6XGyVpAudJD67CwvGm0,Aku Bahagia,230000,33,56G9rp9abtLjiXitVlHIO3,False,Bersinar,album,2025-06-19,9,https://open.spotify.com/album/56G9rp9abtLjiXitVlHIO3,Etenia Croft
11tF9dIBSDNl0LrlD1KKfe,Jakarta,253500,5,41C9BpdpGn25eKJrdHfPaQ,False,Transition,album,2025-02-09,7,https://open.spotify.com/album/41C9BpdpGn25eKJrdHfPaQ,Mathology
14wVwUISeu7Oqrf1ANdAQ2,JARAK DAN WAKTU,240000,25,2JzeY85q8wFjex74N4sSNP,False,JARAK DAN WAKTU,single,2025-07-11,1,https://open.spotify.com/album/2JzeY85q8wFjex74N4sSNP,SOULGROOVE
17NcDRRoOOPJdfw91vfD9q,Waktu Yang Berbeda,206000,40,3SfzTWuMHotUJWwVtHcMvE,False,Waktu Yang Berbeda,single,2025-07-04,1,https://open.spotify.com/album/3SfzTWuMHotUJWwVtHcMvE,Laluantala
17XDgWOKopKPvMOW0hWzp0,Synthetic Flower,165546,20,4udr5Fw2wsppo6vjWBsRG5,False,Synthetic Flower,single,2025-05-12,1,https://open.spotify.com/album/4udr5Fw2wsppo6vjWBsRG5,PixelGvrl
19KgCUi8VGTNnmT4kAUqaa,Aku Bisa,330981,61,7mnmJlDa4dyt7L7SQw7zXX,True,Aku Bisa,single,2025-07-11,1,https://open.spotify.com/album/7mnmJlDa4dyt7L7SQw7zXX,"Namoy Budaya, weaken amore"
19o46cP5j1F2Fh9IV18c55,Terbaik Untuk Semua,241162,5,5jJlPb5FV1Sikgzdd42Qdd,False,Semesta,album,2015,8,https://open.spotify.com/album/5jJlPb5FV1Sikgzdd42Qdd,Michelle
1A5Mhd1xNm3XNjBavuDLSr,Sahabat,205894,8,56G9rp9abtLjiXitVlHIO3,False,Bersinar,album,2025-06-19,9,https://open.spotify.com/album/56G9rp9abtLjiXitVlHIO3,Etenia Croft
1AvosMyCUKI5BblryrnhRB,Hampa,260125,15,7eYLWtzyu2fLLOkdvKY9SQ,False,Hampa,single,2025-08-24,1,https://open.spotify.com/album/7eYLWtzyu2fLLOkdvKY9SQ,Delisha Okta
1BbnVRtM0csxqw8ZQpNlzB,Merindu,245814,3,0sIeOrDGYdwfLZwzXOBjTr,False,RASA & CINTA,single,2025-03-19,4,https://open.spotify.com/album/0sIeOrDGYdwfLZwzXOBjTr,Josh Antonio
1CPZ5BxNNd0n0nF4Orb9JS,Golden,194607,100,14JkAa6IiFaOh5s0nMyMU9,True,KPop Demon Hunters (Soundtrack from the Netflix Film),album,2025-06-20,12,https://open.spotify.com/album/14JkAa6IiFaOh5s0nMyMU9,"AUDREY NUNA, EJAE, HUNTR/X, KPop Demon Hunters Cast, REI AMI"
1D35BJlymlh6OLD75WupSF,"Saiyaara (From ""Saiyaara"")",370875,89,3ETAyPs1TjEcYIpCbYwEbk,True,"Saiyaara (From ""Saiyaara"")",single,2025-06-03,1,https://open.spotify.com/album/3ETAyPs1TjEcYIpCbYwEbk,"Arslan Nizami, Faheem Abdullah, Irshad Kamil, Tanishk Bagchi"
1EVmTJwA8MmISYV3mjT6HY,Satu Pelukan,255313,9,5KM1G7KgKHkvbP2AxpSKiE,False,Satu Pelukan,single,2024-10-17,1,https://open.spotify.com/album/5KM1G7KgKHkvbP2AxpSKiE,Rusli Zainudin
1Ehzh6Zc22tbLrmOKBRqd4,Pelabuhan Hati,305306,34,42JfJeeJ2sUNbgnbR4rp7S,False,Pelabuhan Hati,single,2024-11-01,1,https://open.spotify.com/album/42JfJeeJ2sUNbgnbR4rp7S,Wira Abdi
1FVr8J6OKHx4WddMm4CFtY,’Bout You,188026,60,2sOb21DLBATC7czm21LQoM,False,Go Back To The Future,album,2025-07-14,9,https://open.spotify.com/album/2sOb21DLBATC7czm21LQoM,NCT DREAM
1FlBihR2c2AEhi2P33SBx6,Let It Be Gone,191968,7,3xHsTzTIE5LclfGSAFjvQH,False,Let It Be Gone,single,2025-07-02,1,https://open.spotify.com/album/3xHsTzTIE5LclfGSAFjvQH,Rahayan
1GKzQXM2MOjIeHZHHBrZ2V,Berikan Yang Terbaik,263648,39,17ogIXTTf66hZH9vwQyvwE,False,Yang Terbaik,album,2025-05-09,7,https://open.spotify.com/album/17ogIXTTf66hZH9vwQyvwE,Sammy Simorangkir
1HoRAFcgEZSUJesK23aRnZ,superstitious,187235,57,1WevIdYWogV9E4pZcXdoel,False,superstitious / falling in love,single,2025-05-15,2,https://open.spotify.com/album/1WevIdYWogV9E4pZcXdoel,no na
1I37Zz2g3hk9eWxaNkj031,Your Idol,191537,96,14JkAa6IiFaOh5s0nMyMU9,True,KPop Demon Hunters (Soundtrack from the Netflix Film),album,2025-06-20,12,https://open.spotify.com/album/14JkAa6IiFaOh5s0nMyMU9,"Andrew Choi, Danny Chung, KEVIN WOO, KPop Demon Hunters Cast, Neckwav, Saja Boys, samUIL Lee"
1Id2FlmtDzWU9l3XjO7kJI,Tinggalkan Luka,271428,25,5Vw5hQUkNu7QQaIoPalSHp,False,Tinggalkan Luka,single,2025-04-25,1,https://open.spotify.com/album/5Vw5hQUkNu7QQaIoPalSHp,Roziana Cindy
1ImRS2KtSaDZcj9vQTxwFA,Dirty Work,180250,74,1oJztb2MfwieRwHZ1t4NrN,False,Dirty Work,single,2025-06-27,4,https://open.spotify.com/album/1oJztb2MfwieRwHZ1t4NrN,aespa
1IpvSn0319TLBjqh4XNH6R,Pembalasan,207264,4,7GBjUgRDxjfUJDHgRnUBrl,False,Pembalasan,single,2024-05-23,1,https://open.spotify.com/album/7GBjUgRDxjfUJDHgRnUBrl,The Signals
1LQPy9XmZigDSeAKZcS4zJ,Jangan Bersedih,249421,23,56G9rp9abtLjiXitVlHIO3,False,Bersinar,album,2025-06-19,9,https://open.spotify.com/album/56G9rp9abtLjiXitVlHIO3,Etenia Croft
1MdjZzEInrmDBXf8zs0nKS,Dan...,288706,80,1hrJXgaVEGovpLl9dFdqz7,False,Sheila On 7,album,1999-07-14,10,https://open.spotify.com/album/1hrJXgaVEGovpLl9dFdqz7,Sheila On 7
1QjAmxYS652vXrSy3BhZ9D,Berdua Lebih Baik,221133,70,0OyN4NEEkqb2E5iiXxvJv9,False,Heart,compilation,2006-04-22,10,https://open.spotify.com/album/0OyN4NEEkqb2E5iiXxvJv9,Acha Septriasa
1RaJdXCj61oSRUUciGKoWe,bergema sampai selamanya,198567,80,0kHOWC0D1GUQmvIz2nK1Mc,False,bergema sampai selamanya,single,2025-01-31,1,https://open.spotify.com/album/0kHOWC0D1GUQmvIz2nK1Mc,Nadhif Basalamah
1TaC3GhBKRo8wUHQ4jpCaM,Pelupa,242013,27,49VsFd3bLsFnppQt4bQPIH,False,Pelupa,single,2025-06-13,1,https://open.spotify.com/album/49VsFd3bLsFnppQt4bQPIH,TERUNA
1UEIz0OBReEGnAbDadYSfe,Dalam Kesendirianku,260664,3,0rkiq7It5BqAkliSFvcPbI,False,Dalam Kesendirianku,single,2025-04-20,1,https://open.spotify.com/album/0rkiq7It5BqAkliSFvcPbI,Akbar Tawakal
1UPB5rYJ0bzn6mNSoAHrZC,You'll Be in My Heart,241776,87,7GZpa8xckIRPFIbT49B4zZ,False,You'll Be In My Heart,single,2022-09-14,2,https://open.spotify.com/album/7GZpa8xckIRPFIbT49B4zZ,NIKI
1USA6DXJ1qsucoKnDu4vnu,Tak Kan Hilang,241714,75,6JmBf13wUd3kJEdoXgbZy5,False,Tak Kan Hilang,single,2022-02-25,1,https://open.spotify.com/album/6JmBf13wUd3kJEdoXgbZy5,Budi Doremi
1UlpKUU903TMqvtJENzDuF,Tak Apa Apa,213455,37,6xzxHal5EuHDy7eck3mHv5,False,Tak Apa Apa,single,2025-07-09,1,https://open.spotify.com/album/6xzxHal5EuHDy7eck3mHv5,Bokinana Family
1WYR1Amb1BSBFJ3YvxLvqS,Mengunci Ingatan,270978,58,6SQaLfIqG305mqG6zY3FMM,False,Taifun,album,2015-10-16,9,https://open.spotify.com/album/6SQaLfIqG305mqG6zY3FMM,Barasuara
1WmBVbFmLt0w6zPP37TeCG,Illegal,149666,85,3o81FH5FTYVtoBQOZr3T7y,False,Fancy That,album,2025-05-09,9,https://open.spotify.com/album/3o81FH5FTYVtoBQOZr3T7y,PinkPantheress
1ZDG1zVMuN7xgP4JUjFYAW,Terus Bercahaya,215064,33,2ZdJmxpPV08RDlkQl5z8is,True,Terus Bercahaya,single,2025-02-21,1,https://open.spotify.com/album/2ZdJmxpPV08RDlkQl5z8is,"Tya Subiakto, Wira Abdi"
1ZPVEo8RfmrEz8YAD5n6rW,Lantas,234204,78,17vUW6koeUkV58uYfkK6G3,False,Sentimental,album,2020-11-06,11,https://open.spotify.com/album/17vUW6koeUkV58uYfkK6G3,Juicy Luicy
1bF0tUYLwifw6WNXcQY6cb,Lepaskan,178800,39,0sAjRfNbWnJCTS59g8q6hC,False,Lepaskan,single,2025-07-25,1,https://open.spotify.com/album/0sAjRfNbWnJCTS59g8q6hC,Joanna Andrea
1bJCoGecxVg2W7hYBbrpC6,Bertahan Atau Pergi,257812,5,1mMDwRzeL48rzkWC8euHp7,False,Bertahan Atau Pergi,single,2025-06-20,1,https://open.spotify.com/album/1mMDwRzeL48rzkWC8euHp7,Aletta
1ceWCE3eEbbr1n33bCxEpF,CERIA,214750,18,6NxjKx4maXLuS9n1tGxwZ9,False,CERIA,single,2025-07-04,1,https://open.spotify.com/album/6NxjKx4maXLuS9n1tGxwZ9,Atiya Purnomo
1djEfgcgzTqLuCAB8Mau8K,Path,223426,38,5pLvtNN7EUW35oaBinPniJ,False,Hit Music Album Vol. 1 The Word Without You/The Moment of Goodbye,album,1971-11-20,10,https://open.spotify.com/album/5pLvtNN7EUW35oaBinPniJ,Jokers
1fDFHXcykq4iw8Gg7s5hG9,About You,326490,85,6dVCpQ7oGJD1oYs2fv1t5M,False,Being Funny In A Foreign Language,album,2022-10-14,11,https://open.spotify.com/album/6dVCpQ7oGJD1oYs2fv1t5M,The 1975
1fDGN1BOe1eMgofgO6qxm0,Express Mode,188026,66,5tEaAx0Cb3PEOrErWE503a,False,Super Junior25 - The 12th Album,album,2025-07-08,9,https://open.spotify.com/album/5tEaAx0Cb3PEOrErWE503a,SUPER JUNIOR
1grtFwcwAOZZ2kWL08BWM7,AKU YANG MEMILIHMU,201868,4,5uR59njXlLIZlldDRszXho,False,AKU YANG MEMILIHMU,single,2025-09-03,1,https://open.spotify.com/album/5uR59njXlLIZlldDRszXho,Prabawa
1j4uSqAZ30i1G5FJWAOflq,Terima Kasih Orang Baik,262317,5,21iQfmTvvKRlCuDCE3pqb0,False,Terima Kasih Orang Baik,single,2025-03-21,1,https://open.spotify.com/album/21iQfmTvvKRlCuDCE3pqb0,H.E.A.R
1k31q2jt0XwU8i7tCBP7Uq,Menahan Rindu,264346,3,1UZmT9gTSIiZ2uUqVL2Bhp,False,Blooming Inspiration,album,2024-12-04,8,https://open.spotify.com/album/1UZmT9gTSIiZ2uUqVL2Bhp,Veravey
1kYoDisSEsbSnO788ij9lW,Menjaga Kamu,225364,33,2Tp7hDdbD1cZsuZUodEkZ7,False,Menjaga Kamu,single,2025-08-28,1,https://open.spotify.com/album/2Tp7hDdbD1cZsuZUodEkZ7,The Popstar
1lZhA2mfllNyIEecBY7t64,Wajah Yang Membawa Aku Pulang,194298,32,12Vta9LZSos7wF8yRxVaN3,False,Lepas,single,2025-08-01,4,https://open.spotify.com/album/12Vta9LZSos7wF8yRxVaN3,Joanna Andrea
1lbNgoJ5iMrMluCyhI4OQP,Victory Lap,165857,84,1wD2xMSjGRFSVX8zkFEuMo,True,Victory Lap,single,2025-06-18,1,https://open.spotify.com/album/1wD2xMSjGRFSVX8zkFEuMo,"Fred again.., PlaqueBoyMax, Skepta"
1lpXnyjEKDzExVyVS1AT1Q,shoot,214300,64,7C3cWsNbYPO76a5qIq8fPM,False,shoot,single,2025-05-02,1,https://open.spotify.com/album/7C3cWsNbYPO76a5qIq8fPM,no na
1lyRffmr3BS1eZ5j2xluzL,Aku Mencintaimu,206990,4,5WEyhp7pM8tTbonDe0jyam,False,Kupu Kupu Tersesat,album,2025-06-12,7,https://open.spotify.com/album/5WEyhp7pM8tTbonDe0jyam,Kanti Kupu
1nNoy9VvqJ4rXyrjakiOY8,Petualangan Cinta,210855,5,0KY3jlhSb0UVZdqkEnoJ6y,True,Petualangan Cinta,single,2024-01-16,1,https://open.spotify.com/album/0KY3jlhSb0UVZdqkEnoJ6y,"Foni Susanti, Olla Zahra"
1pfbv2zouLq1j5whRYXAr0,Akhir Cinta Ini,219428,21,1JxsxnyNs7rzvHsGIG3ZW7,False,Cinta Hanya Cerita Luka,single,2022-08-19,3,https://open.spotify.com/album/1JxsxnyNs7rzvHsGIG3ZW7,Langit Sore
1rKQjUhF9zFJmuUotr3VkV,"TAKEDOWN (JEONGYEON, JIHYO, CHAEYOUNG)",181192,89,14JkAa6IiFaOh5s0nMyMU9,False,KPop Demon Hunters (Soundtrack from the Netflix Film),album,2025-06-20,12,https://open.spotify.com/album/14JkAa6IiFaOh5s0nMyMU9,TWICE
1stZqYZA0jCH2UoZwRBwbM,Terima Kasih Tuhan Hidupku Asyik,188432,4,1xE7CU85BTUYw7KpxhOlMF,False,Terima Kasih Tuhan Hidupku Asyik - Single,single,2015-11-24,1,https://open.spotify.com/album/1xE7CU85BTUYw7KpxhOlMF,Shinta Priwit
1wfbqUSPWbnPjkiBA9UmoF,Kita Usahakan Lagi,233916,79,0gOmfHG7fEF7dq72Q7jl9q,False,Kita Usahakan Lagi,single,2025-04-11,1,https://open.spotify.com/album/0gOmfHG7fEF7dq72Q7jl9q,Batas Senja
1xOqGUkyxGQRdCvGpvWKmL,Gabriela,197226,92,6rpin9IVOuBEWBYnrA9hft,False,Gabriela,single,2025-06-20,2,https://open.spotify.com/album/6rpin9IVOuBEWBYnrA9hft,KATSEYE
1ylY6UrF7cmOZ9GDOxrfk8,Bila Kau Tak Disampingku,256173,80,4bPUtZdWsvU1eTPmJFuvwm,False,Kisah Klasik Untuk Masa Depan,album,2000-10-04,12,https://open.spotify.com/album/4bPUtZdWsvU1eTPmJFuvwm,Sheila On 7
1zu5ZpnrSArdoaT6Qq3yo9,Monolog,207216,84,6CYiVTU1drHMvGHgMHmLQZ,False,Walk the Talk,album,2018-07-20,16,https://open.spotify.com/album/6CYiVTU1drHMvGHgMHmLQZ,Pamungkas
201P7FwqiiziXBOVOOS9or,NICE TRY,150404,18,11Uv1fpFBvn9fHqhBrDAJr,False,ASHBERY75,single,2025-02-14,6,https://open.spotify.com/album/11Uv1fpFBvn9fHqhBrDAJr,DAYFAIR
21IYMdzTrzSe191Cy5eMap,Sailor Song,211978,87,58vZavXqh1P5uoTXteudWl,False,"At The Beach, In Every Life",album,2025-04-25,12,https://open.spotify.com/album/58vZavXqh1P5uoTXteudWl,Gigi Perez
220TV2HqrIbelYxDH7F4hB,"Jauh di Hati, Dekat di Luka",198599,5,47S03IDBWoAmnb3C74yijY,False,"Jauh di Hati, Dekat di Luka",single,2025-05-03,1,https://open.spotify.com/album/47S03IDBWoAmnb3C74yijY,Gede Jerson
25ZPsqgR8RfXiaUVP6phfH,Take Me Out,189836,28,2rtYNVVKESAd6byQ8SnxRZ,True,Take Me Out,single,2025-08-28,1,https://open.spotify.com/album/2rtYNVVKESAd6byQ8SnxRZ,"TERUNA, Zufari"
25c343Sb9sYgZHc5b8GhLV,Pikiran dan Perjalanan,272305,57,5dy5oRsWeCss5AvbWcJqr0,False,Pikiran dan Perjalanan,album,2019-03-08,9,https://open.spotify.com/album/5dy5oRsWeCss5AvbWcJqr0,Barasuara
26KhLgFuPymkm1uiZkc6Rv,Bunga Maaf,252349,78,0N2jwsM6nf29RFOJBhizg0,False,Bunga Maaf,single,2024-11-15,2,https://open.spotify.com/album/0N2jwsM6nf29RFOJBhizg0,The Lantis
26OOdssGWnAuO6XCmtlEcN,Take It Easy,280933,3,1UZmT9gTSIiZ2uUqVL2Bhp,False,Blooming Inspiration,album,2024-12-04,8,https://open.spotify.com/album/1UZmT9gTSIiZ2uUqVL2Bhp,Veravey
278PwGlIm7MxVTZud18Rx4,mejikuhibiniu,196477,82,1DZHkeHPjLkuclwTVtjIOK,True,mejikuhibiniu,single,2025-06-27,1,https://open.spotify.com/album/1DZHkeHPjLkuclwTVtjIOK,"Jemsii, Suisei, Tenxi"
29oaLVw5BEusRDauIyCfwK,Minggu,218625,53,20BlkwZZJfzNj6xTxPrehi,True,Minggu,single,2024-08-23,1,https://open.spotify.com/album/20BlkwZZJfzNj6xTxPrehi,"Dzulfahmi, White Chorus"
2Bx7N9huvzXDCeNQcmD8IV,sosok sempurna,216000,17,2fM3zNSbkIqNGNj9J68aDr,False,sosok sempurna,single,2025-08-15,1,https://open.spotify.com/album/2fM3zNSbkIqNGNj9J68aDr,Jabing
2CBJmKbn4SH72uDBBiLkSe,Galau,224894,10,4ZQq3wbkw9R7cVXPOUp7Ja,False,Galau,single,2025-05-09,1,https://open.spotify.com/album/4ZQq3wbkw9R7cVXPOUp7Ja,Berama
2CFpkbOfYe23ZoMfufNKVB,123456,219271,76,3BSay8BCZZFWaLlSIqt4D2,False,1 Hari Yang Cerah,album,2012-01-27,8,https://open.spotify.com/album/3BSay8BCZZFWaLlSIqt4D2,Budi Doremi
2Ezo7HaSYNzvXxFJRyCUPF,Kisah Tanpa Arah,224080,5,49Q2xCamqKCS2eYnatQhA8,False,Kisah Tanpa Arah,single,2024-05-15,1,https://open.spotify.com/album/49Q2xCamqKCS2eYnatQhA8,Rizkynindra
2InRcPbunlEjQ6sGyGIjxV,Kusuma Wijaya,265486,60,1tOARzkD1moNEKrqve9Kjn,False,Kusuma Wijaya,single,2025-05-21,1,https://open.spotify.com/album/1tOARzkD1moNEKrqve9Kjn,Nugraha Pawestri
2JekYbWANgDe54Dndi2I2C,Tak Ada Ujungnya,202721,72,6IUPSmTT3qHfALuaS1GMiW,False,Tak Ada Ujungnya,single,2024-11-14,1,https://open.spotify.com/album/6IUPSmTT3qHfALuaS1GMiW,Rony Parulian
2KZTGCaAt2iq6hqITqmx9r,Luka Yang Luas,260437,43,17ogIXTTf66hZH9vwQyvwE,False,Yang Terbaik,album,2025-05-09,7,https://open.spotify.com/album/17ogIXTTf66hZH9vwQyvwE,Sammy Simorangkir
2KdeR2OdcQ0Uvxea0MiakM,Senyum Senyum Happy,200397,3,58zrdvEiP6Py6HdmnZsTiq,False,Senyum Senyum Happy,single,2021-04-09,1,https://open.spotify.com/album/58zrdvEiP6Py6HdmnZsTiq,Shinta Priwit
2LZONY3XRqbWYQcm3mRb1l,MODE PESAWAT,241866,71,15qFUQwEfioE7IsgSmYKvL,True,MODE PESAWAT,single,2025-04-21,1,https://open.spotify.com/album/15qFUQwEfioE7IsgSmYKvL,"Dandy Barakati, Dante Nababan"
2NOMOpss7BmEXTL9f1koqn,WICKED,157191,74,7rgnZ9iX2S9HFHmkFmSwW7,False,FAMOUS,single,2025-06-23,2,https://open.spotify.com/album/7rgnZ9iX2S9HFHmkFmSwW7,ALLDAY PROJECT
2OxvanM5m1Na9OVlXyXmUp,Lesung Pipi,225153,82,5HKEezqSNuJSD5Nbrs9bhG,False,Lesung Pipi,single,2023-08-31,1,https://open.spotify.com/album/5HKEezqSNuJSD5Nbrs9bhG,Raim Laode
2Pf4gka9gQDlEZufRwuZdr,Teruntuk Mia,196090,69,55ZgL7zzNojCWXs7rLaPWJ,False,Teruntuk Mia,single,2024-05-31,1,https://open.spotify.com/album/55ZgL7zzNojCWXs7rLaPWJ,Nuh...
2QWin1zM9hxG9zsApuIvso,Young Black & Rich,155040,78,4So2lxknlUUwSVMaPuU1XV,False,Young Black & Rich,single,2024-06-01,1,https://open.spotify.com/album/4So2lxknlUUwSVMaPuU1XV,Melly Mike
2RRok6hRdQnkHbsWoLqstD,"Jangan Tanya, Tunggu Saja",176964,5,0YMusz6pxMr1gxVEs5kKYC,False,"Jangan Tanya, Tunggu Saja",single,2025-07-29,1,https://open.spotify.com/album/0YMusz6pxMr1gxVEs5kKYC,Tuan Sidik
2UgCs0i0rNHUH2jKE5NZHE,Sempurna,268422,76,2puZQ79KT5q5RPae7khveD,False,Andra & The Backbone,album,2006-12-28,12,https://open.spotify.com/album/2puZQ79KT5q5RPae7khveD,Andra & The Backbone
2VIG7a12qlUHDmk8ojk7q7,Awal Kisah Selamanya (feat. Barsena Bestandhi),290262,60,4SVd1APxtjPLbghqMzqmBq,True,ambiVert,album,2025-06-24,11,https://open.spotify.com/album/4SVd1APxtjPLbghqMzqmBq,"Barsena Bestandhi, Raisa"
2W21N0XDP0Rh6KNxomrPQN,Kembalikan Terang,247327,31,1EwANbtgPYKvy8uoGUsECM,False,Kausa Nusantara,album,2024-02-09,11,https://open.spotify.com/album/1EwANbtgPYKvy8uoGUsECM,Methosa
2WXXgjU6foIi4FBIPDMf9t,"o,Tuan",305868,82,0y9i2KHDYh2gKfbpUNiM86,False,Membangun & Menghancurkan,album,2024-08-30,15,https://open.spotify.com/album/0y9i2KHDYh2gKfbpUNiM86,.Feast
2YOyKzbXlnzfksNUmlbTT2,Don't Be,230506,13,380sI87fu4TvIFAzZqc9Ty,False,TERUNATERUNATERUNA,album,2020-12-12,13,https://open.spotify.com/album/380sI87fu4TvIFAzZqc9Ty,TERUNA
2YQNWukp5hFZ7Bc2PeeoFO,Indonesiaku,242175,31,56G9rp9abtLjiXitVlHIO3,False,Bersinar,album,2025-06-19,9,https://open.spotify.com/album/56G9rp9abtLjiXitVlHIO3,Etenia Croft
2YboaOouyJsIgtKnjTGxjz,Kembara Laut,234919,1,4WsGo8wAtFE34qOcVpDiHK,True,Kembara Laut,single,2025-06-12,1,https://open.spotify.com/album/4WsGo8wAtFE34qOcVpDiHK,"Eddy Sutrisna, Natawidjadja's Singers"
2Yyw9UkdEeb3gaq1sG1Cmn,Jalan Menuju Kamu,210359,7,3q8dbYb00ABBrSymcpLtFA,False,Damai Yang Kucari,album,2025-07-31,10,https://open.spotify.com/album/3q8dbYb00ABBrSymcpLtFA,Velasena
2ajwpcXrdb82S0x6OL8QWI,SALAM TERAKHIRKU,262281,36,5iLJvPMjT57uLUtwEN622x,False,SALAM TERAKHIRKU,single,2024-11-27,1,https://open.spotify.com/album/5iLJvPMjT57uLUtwEN622x,Debby Peony
2dYwKmmHEBgJeTw6o3pzyC,Cerita Jakarta,233249,7,2dOk8G8Bnu5LIrEoYcDwg3,False,Cerita Jakarta,single,2025-06-11,1,https://open.spotify.com/album/2dOk8G8Bnu5LIrEoYcDwg3,RIZKY WIRAWAN
2fuYa3Lx06QQJAm0MjztKr,Let Down,299560,89,6dVIqQ8qmQ5GBnJ9shOYGE,False,OK Computer,album,1997-05-28,12,https://open.spotify.com/album/6dVIqQ8qmQ5GBnJ9shOYGE,Radiohead
2g40frcmzA7iZ4BFDXPOJD,Rasa Biru,279679,4,5kDb8M6NQKq4fvaLlTdjFl,False,Rasa Biru,single,2025-05-18,1,https://open.spotify.com/album/5kDb8M6NQKq4fvaLlTdjFl,Gede Jerson
2odaFSNqdPAl1cmuBelwEd,Gagal Nikah Nyalon Gubernur,260000,1,2666ILLFoChGfQizemuTev,False,Gagal Nikah Nyalon Gubernur,single,2025-08-08,1,https://open.spotify.com/album/2666ILLFoChGfQizemuTev,Foni Susanti
2ogeJ1Ml7yeZFuk2zQvUYc,Dalam Langkah Yang Sama,177479,6,3N2tPblvtXcj9RqOzDMBWo,False,Dalam Langkah Yang Sama,single,2025-05-10,1,https://open.spotify.com/album/3N2tPblvtXcj9RqOzDMBWo,Gede Jerson
2tl44bV5snMCGal0QSreCs,Hanya Cinta,265508,4,6b4JpL6PVCeotMJRv1wjY1,False,Hanya Cinta,single,2025-07-13,1,https://open.spotify.com/album/6b4JpL6PVCeotMJRv1wjY1,Ajie Rhamdani
2tr2YakHjg0gLcwaf5hKEs,Terbaik,251000,19,2rwrTE9CyzYUFRVqjU8RW1,False,Terbaik,single,2025-07-04,1,https://open.spotify.com/album/2rwrTE9CyzYUFRVqjU8RW1,Arin Wolayan
2z3d46ThYHEbWlpvuGFQDf,Don't Give Up,201000,16,0RknnywJ2iui9jYMFcWqGR,False,Don't Give Up,single,2025-04-19,1,https://open.spotify.com/album/0RknnywJ2iui9jYMFcWqGR,Sarah Alia
30sXgUvHtS9D2uVECgzztJ,Echo Chamber,216982,17,7iK19Zyzbun76lhc2DaxgU,False,Echo Chamber,single,2025-05-31,1,https://open.spotify.com/album/7iK19Zyzbun76lhc2DaxgU,PixelGvrl
31CsSZ9KlQmEu0JvWSkM3j,Deslocado,179996,80,70Bn4uvWtXrBKlbttB822R,False,Deslocado,single,2025-03-10,1,https://open.spotify.com/album/70Bn4uvWtXrBKlbttB822R,NAPA
33t9ZDiloQ4h4xflDSw4AW,Love,212953,4,02jOPO2A82G2j9tt4DRW9W,False,Love,single,2025-02-15,1,https://open.spotify.com/album/02jOPO2A82G2j9tt4DRW9W,Rusli Zainudin
35640moOz2cwikJTFhosxk,Stecu Stecu,223750,76,6GlXRjLBMT6zTlNIqka1h7,False,Stecu Stecu,single,2025-07-10,1,https://open.spotify.com/album/6GlXRjLBMT6zTlNIqka1h7,Faris Adam
3598iBWrS4JhJqP5tHlpVK,THIS IS FOR,131097,83,02dUOPB3MtmV5fawzaZiq6,False,THIS IS FOR,album,2025-07-11,14,https://open.spotify.com/album/02dUOPB3MtmV5fawzaZiq6,TWICE
38NapEHwdyX5Ec2zL5ZZcE,Jendela Rindu,235329,37,1bMfE2RZgz3v7AQ7wCDHYU,False,Jendela Rindu,single,2025-06-13,1,https://open.spotify.com/album/1bMfE2RZgz3v7AQ7wCDHYU,Wira Abdi
394sOYwENosHPQI9rPvtl5,Denting,115200,17,4aM6PNMi7VbecRhRbpf3pR,False,Denting,single,2025-04-07,1,https://open.spotify.com/album/4aM6PNMi7VbecRhRbpf3pR,Tya Subiakto
3AdXVzJunltRgodsN9kWpm,In Love,383733,2,1UZmT9gTSIiZ2uUqVL2Bhp,False,Blooming Inspiration,album,2024-12-04,8,https://open.spotify.com/album/1UZmT9gTSIiZ2uUqVL2Bhp,Veravey
3AkWSyWgDGpoN39DvLp0YA,Forbidden Fruit,225017,65,6GClbRFIZef2HEsqxkYFee,True,The Fall,album,2025-04-11,13,https://open.spotify.com/album/6GClbRFIZef2HEsqxkYFee,"Sam Tinnesz, Tommee Profitt, brooke"
3BGkWex2GikOl6isJ5k3XG,Sampai Bertemu Di Surga Nanti,197295,16,0e3XVxzwIdz6JSMMwi5qW5,False,Sampai Bertemu Di Surga Nanti,single,2025-08-01,1,https://open.spotify.com/album/0e3XVxzwIdz6JSMMwi5qW5,Yayat Pamelay
3I4mVnT3eD1GkWtfopCPEa,Limerence,219000,32,01w1dx6iPZ1e1Xhx4mr9zy,True,Limerence,single,2025-07-18,1,https://open.spotify.com/album/01w1dx6iPZ1e1Xhx4mr9zy,"JVSAN, gazeng"
3Jby9Ezr1E7wCsXe0Dexa6,Tanpa Tergesa,218405,70,17vUW6koeUkV58uYfkK6G3,False,Sentimental,album,2020-11-06,11,https://open.spotify.com/album/17vUW6koeUkV58uYfkK6G3,Juicy Luicy
3K6ntX4YPra80HIQjisNlt,Semua Rasa,219735,19,0whLt3ca5x9MeaxlWdjaL3,True,Semua Rasa,single,2024-09-22,1,https://open.spotify.com/album/0whLt3ca5x9MeaxlWdjaL3,"Etenia Croft, Farel Prayoga"
3RXUgPNIbUgFxsDWuBQEt6,How It’s Done,176059,95,14JkAa6IiFaOh5s0nMyMU9,True,KPop Demon Hunters (Soundtrack from the Netflix Film),album,2025-06-20,12,https://open.spotify.com/album/14JkAa6IiFaOh5s0nMyMU9,"AUDREY NUNA, EJAE, HUNTR/X, KPop Demon Hunters Cast, REI AMI"
3Wdb1xCjOXKJvd4QAkD9zJ,Mesin waktu cinta,265999,5,7rc4lwJNj6NplACsfjR0t6,False,Mesin waktu cinta,single,2025-02-08,1,https://open.spotify.com/album/7rc4lwJNj6NplACsfjR0t6,Gede Jerson
3XHiujhh7sB8tTCwtI6YEI,"Ruang Baru (From ""My Annoying Brother"")",238416,67,4e35vUR8z4q56iY2xgvbNA,False,"Ruang Baru (From ""My Annoying Brother"")",single,2024-09-13,1,https://open.spotify.com/album/4e35vUR8z4q56iY2xgvbNA,Barsena Bestandhi
3YI0jDXkUU4aYKarkn5tkB,Selamanya Cinta,347692,14,4zwc2b40PuOpVZCKC0O25M,False,Selamanya Cinta,single,2025-06-01,1,https://open.spotify.com/album/4zwc2b40PuOpVZCKC0O25M,Lunarias
3aJrtG5w8rUEvHroMizz1l,Dance with Me,236225,4,7wtv00kU9rNuFZ6uB8jIz0,True,Dance with Me,single,2015,1,https://open.spotify.com/album/7wtv00kU9rNuFZ6uB8jIz0,"Ade Febrianto, Bowo Soulmate, THE GRNM"
3acXYrSpqnpQLjNxSMcnhQ,Satu Indonesia,246615,14,09mPQ4gVVg1qxEKlTOBIyV,False,Satu Indonesia,single,2025-06-17,1,https://open.spotify.com/album/09mPQ4gVVg1qxEKlTOBIyV,Rahayan
3be9ACTxtcL6Zm4vJRUiPG,blue,214357,87,5aelly3dAJd7yZlgUHpLBw,False,blue,single,2024-08-02,1,https://open.spotify.com/album/5aelly3dAJd7yZlgUHpLBw,yung kai
3c4kxwdR3X0p7lJpYYSGMg,Paling Sejati,285911,34,5opoEKaS2baGPa9P5qRTQj,False,Paling Sejati,single,2024-11-22,1,https://open.spotify.com/album/5opoEKaS2baGPa9P5qRTQj,Roziana Cindy
3fDhADRdTIOD502rMRyUcA,Kenangan Itu,225800,5,0hzmW1QM23Xe5Iz3cZSW0K,False,Semua Tentangmu,album,2017-05-08,10,https://open.spotify.com/album/0hzmW1QM23Xe5Iz3cZSW0K,Arin Wolayan
3gcIi9rfi7nnHt8DDjIAyP,Stay - If Without You,330215,10,6RcHoPLbYB0bqcxin5KaCx,False,Stay (If Without You),single,2025-07-08,1,https://open.spotify.com/album/6RcHoPLbYB0bqcxin5KaCx,The Oldest
3gds93eR9vE5YlbLNQ99yl,Resah,204500,6,15Ar2DWKLdSm4iyyhXli9q,False,Resah,single,2023-02-03,1,https://open.spotify.com/album/15Ar2DWKLdSm4iyyhXli9q,The Signals
3iGllnk1oF1meAULQ5K3qa,Love Is You,184000,4,5iIjWAkVuPu8SJGWqtnMDd,False,Love Is You,single,2024-06-06,1,https://open.spotify.com/album/5iIjWAkVuPu8SJGWqtnMDd,Dyno Wibisono
3jCNIZYSZ5yXxBQ8nM0jA7,Mengapa Kau Pergi,270964,9,5cjQ3QywLDMVsAeu8vc7wg,False,Legacy,album,2025-02-22,8,https://open.spotify.com/album/5cjQ3QywLDMVsAeu8vc7wg,Jabal M Noor
3jarq6fIQDsNoVEC2EUDmb,Awal,205000,39,5EKpCvUTLEgbg6ObcOrNCI,False,Awal,single,2025-06-13,1,https://open.spotify.com/album/5EKpCvUTLEgbg6ObcOrNCI,Tonewaves
3k78Q9tWIFvJd6PNGtTofC,Pesona Sederhana,255034,74,46Vu60ForvCqH8L7l9X6BP,False,Rahasia Pertama,album,2025-05-01,8,https://open.spotify.com/album/46Vu60ForvCqH8L7l9X6BP,Rony Parulian
3lOI3katUtaSPNzTib0kKf,Itu Kamu,208026,48,70edAUYslKNTNQDwZw9nY7,False,Itu Kamu,single,2025-08-13,1,https://open.spotify.com/album/70edAUYslKNTNQDwZw9nY7,Budi Doremi
3nXKcMbdCmMYp1Lg8p13aJ,Luapkanlah,205723,57,4t1d7lp7cX2v1HnqhlPuXd,False,LUAP,album,2025-05-15,8,https://open.spotify.com/album/4t1d7lp7cX2v1HnqhlPuXd,Nyoman Paul
3oEkrIfXfSh9zGnE7eBzSV,The Winner Takes It All,294720,82,3ZdkT5buYFi1WQaB0XNNtf,False,Super Trouper,album,1980,12,https://open.spotify.com/album/3ZdkT5buYFi1WQaB0XNNtf,ABBA
3qBBfNLHgiCErTAPmeoFJK,Jangan Bersedih,215575,10,56G9rp9abtLjiXitVlHIO3,True,Bersinar,album,2025-06-19,9,https://open.spotify.com/album/56G9rp9abtLjiXitVlHIO3,"AVIWKILA, Etenia Croft"
3qhlB30KknSejmIvZZLjOD,End of Beginning,159245,88,4JDXBZdRPId4devseaAOKH,False,DECIDE,album,2022-09-16,13,https://open.spotify.com/album/4JDXBZdRPId4devseaAOKH,Djo
3w6CAoWzx921MrdREA3iMj,Tak Lagi Sendiri,180000,2,7vFoeecNFoGabBqzQJjA5h,False,Tak Lagi Sendiri,single,2024-03-22,1,https://open.spotify.com/album/7vFoeecNFoGabBqzQJjA5h,SOULGROOVE
3wFgKvFBZdTdjkOkX80XZ7,Daripada Menyiksa Diri,226112,24,17ogIXTTf66hZH9vwQyvwE,False,Yang Terbaik,album,2025-05-09,7,https://open.spotify.com/album/17ogIXTTf66hZH9vwQyvwE,Sammy Simorangkir
3y8RcMPYG22fRnrOi4oFJ1,Nanti Kita Seperti Ini,209647,79,4dyBsn9yy3PXeBgIEUvZI5,False,Nanti Kita Seperti Ini,single,2022-09-27,1,https://open.spotify.com/album/4dyBsn9yy3PXeBgIEUvZI5,Batas Senja
40UVUuyy5RfpO0awclCttA,FAMOUS,180353,78,7rgnZ9iX2S9HFHmkFmSwW7,False,FAMOUS,single,2025-06-23,2,https://open.spotify.com/album/7rgnZ9iX2S9HFHmkFmSwW7,ALLDAY PROJECT
40q2sK9GyzUuSMR1havTFt,Ampunilah Aku,231960,2,4IJKzsYmCPiZ9NRARQcIqj,False,Ampunilah Aku,single,2025-03-12,1,https://open.spotify.com/album/4IJKzsYmCPiZ9NRARQcIqj,Veravey
42SwSGp3EC1E5gcZrYueIu,Kisah Cinta Di Labuan Bajo,282457,2,1cWCp3pdPrTYUz8ORkioX3,False,Kisah Cinta Di Labuan Bajo,single,2023-03-19,1,https://open.spotify.com/album/1cWCp3pdPrTYUz8ORkioX3,Rusli Zainudin
42UBPzRMh5yyz0EDPr6fr1,Manchild,213645,92,3wRHV5fOeUcM5hvYzWZsic,False,Manchild,single,2025-06-05,1,https://open.spotify.com/album/3wRHV5fOeUcM5hvYzWZsic,Sabrina Carpenter
42elvNonmDWGnpyxBpd9Mu,Malapetaka,227834,67,5XFwxKmkc0RmrncnPKnejB,False,Malapetaka,single,2025-06-27,1,https://open.spotify.com/album/5XFwxKmkc0RmrncnPKnejB,Juicy Luicy
4388DU8a0JY8pQ04h0JMAL,Crazy In Love,228000,20,1jTa5V0LiX0J6zP6H6esHD,False,Crazy In Love,single,2025-07-04,1,https://open.spotify.com/album/1jTa5V0LiX0J6zP6H6esHD,BandSAT!
43dBaTfvA9Xltgkr5E2VBI,Rooftop,242000,21,2Xpll4oG2UqKeDuNJshrDU,False,Rooftop,single,2025-08-01,1,https://open.spotify.com/album/2Xpll4oG2UqKeDuNJshrDU,Serafesya
44SvsP0jSlUBRJyNfhL42B,Jejak Kegalauan,215000,37,6ULPUWD6G5nu8eqKlqvi0b,True,Jejak Kegalauan,single,2025-04-25,1,https://open.spotify.com/album/6ULPUWD6G5nu8eqKlqvi0b,"Alex Kuple, Bima Wp, Rendy Suryadi, Tya Subiakto"
49XXrWxrmBU34mNMpxsSfG,Pancarona,261379,69,5dy5oRsWeCss5AvbWcJqr0,False,Pikiran dan Perjalanan,album,2019-03-08,9,https://open.spotify.com/album/5dy5oRsWeCss5AvbWcJqr0,Barasuara
4ANcqjCVvYH0wGGFewvSvt,Lagu Orang Dewasa,169756,35,5YwzYvSVuWEUsl9LT5VEUG,False,Lagu Orang Dewasa,single,2025-07-23,1,https://open.spotify.com/album/5YwzYvSVuWEUsl9LT5VEUG,Calvin Jeremy
4AajxCEwGEsmHmT4H1TwjY,undressed,182088,91,19m6pwPmwNFSPV7wtHtg7D,False,undressed,single,2025-03-21,1,https://open.spotify.com/album/19m6pwPmwNFSPV7wtHtg7D,sombr
4HZ4tasa7sislo5BbOOBfm,Pikiran Yang Matang,192666,64,2gdKHKZfqOqGCwJiyEe2K8,False,Pikiran Yang Matang,single,2025-06-20,1,https://open.spotify.com/album/2gdKHKZfqOqGCwJiyEe2K8,Perunggu
4KSi8uxcf4ndBsJh1Ne6iq,Alam Memeluk Kita,442780,2,2lg9xMIXJghVr5i6vQ3MtS,False,Metamorfosa,album,2025-06-06,9,https://open.spotify.com/album/2lg9xMIXJghVr5i6vQ3MtS,Jendela dan Pena
4NlnPdwfEy4lYYm7L83Nbm,Jarak,226849,4,3mGMfZjvN7wdq3scvu5Xwz,False,Jarak,single,2020-01-01,1,https://open.spotify.com/album/3mGMfZjvN7wdq3scvu5Xwz,Dyno Wibisono
4PR85M8Le8SBr4fU7CCadz,Tak Secinta Itu,241397,41,6l4mo22pd6Mxxq2rViRGOQ,False,Tak Secinta Itu,single,2025-08-29,1,https://open.spotify.com/album/6l4mo22pd6Mxxq2rViRGOQ,Gery Gany
4PUGo9Rw4omkDNjBEM7P4o,Save the Earth,244921,2,6dl00tyASobtJtKrOoUr6W,False,Save the Earth,single,2024-05-05,1,https://open.spotify.com/album/6dl00tyASobtJtKrOoUr6W,Rusli Zainudin
4UucLisbPzUcqYCE6cQX2z,Forget Jakarta,401520,57,2nftdSlqgiJ2lN8hu3dCEr,False,Forget Your Plan,album,2011,13,https://open.spotify.com/album/2nftdSlqgiJ2lN8hu3dCEr,Adhitia Sofyan
4WJVWsGAkydBdPlqARaXJd,Bermimpi,264395,4,3N7nbnm2rzn9ymUAVcbUPu,False,Bermimpi,single,2025-08-02,1,https://open.spotify.com/album/3N7nbnm2rzn9ymUAVcbUPu,Sonzi Way
4XHijJfABTtUCW3Bp6KFvr,Tarot,288981,84,0y9i2KHDYh2gKfbpUNiM86,False,Membangun & Menghancurkan,album,2024-08-30,15,https://open.spotify.com/album/0y9i2KHDYh2gKfbpUNiM86,.Feast
4ZSkQY9cJBXPSWB4lEtBpM,Rule The World,201090,17,3d0hZvdOh7FRdgpSwsVJQp,False,Pixels And Pain,single,2025-06-05,4,https://open.spotify.com/album/3d0hZvdOh7FRdgpSwsVJQp,Rachel The Marionette
4ZwsGSMdVVDRLNhO2MOqav,Sebelah Mata,239833,3,0LbUg2vaf6uIBoIQluoeXB,False,Sebelah Mata,single,2025-05-17,1,https://open.spotify.com/album/0LbUg2vaf6uIBoIQluoeXB,Rusli Zainudin
4aHIe3iG54xA9nswLmKUfy,Forever Friend,201501,21,0TjKRzVnaMSguX2EJe3HfO,False,Forever Friend,single,2025-07-25,1,https://open.spotify.com/album/0TjKRzVnaMSguX2EJe3HfO,Kanaya Aisyah
4e6TmHCC4PRUj75knNplNP,Mangu,261048,80,6XVW3zoK1nmskW7drvHy9h,True,Nalar,album,2023-04-18,10,https://open.spotify.com/album/6XVW3zoK1nmskW7drvHy9h,"Charita Utami, Fourtwnty"
4fFhL3RCOQ6eY3hCviUaGe,Ulang Tahun Pernikahan,249674,4,1E2Y1Tx26S6Sk1Sh9Vpaw4,True,Ulang Tahun Pernikahan,single,2024-05-07,1,https://open.spotify.com/album/1E2Y1Tx26S6Sk1Sh9Vpaw4,"Foni Susanti, Olla Zahra"
4g9V3x018XVCkZ6qzvHWWB,Authentique,177360,8,4CA6jzw4MlqFIxtOcs5xr7,False,Authentique,album,2025-06-12,8,https://open.spotify.com/album/4CA6jzw4MlqFIxtOcs5xr7,Caroline A.Rivas
4gOpkm1bluwgKu3qg0QuRp,Mengalah,261492,9,5cjQ3QywLDMVsAeu8vc7wg,False,Legacy,album,2025-02-22,8,https://open.spotify.com/album/5cjQ3QywLDMVsAeu8vc7wg,Jabal M Noor
4gngdFoZ9jGJcHAlbjWmIZ,Looking for Love in Wrong Places,245421,51,1KN2KKeuWwdkimahJ0lmFp,False,Looking for Love in Wrong Places,single,2025-05-28,1,https://open.spotify.com/album/1KN2KKeuWwdkimahJ0lmFp,Assia Keva
4lXDNh3lnn7SINyf0RhFJG,Pemimpi,203462,6,7Aka3T0OU7wCZzgrUtKUYH,False,Pemimpi,single,2025-08-08,1,https://open.spotify.com/album/7Aka3T0OU7wCZzgrUtKUYH,wijen
4m4ujp7iUVsm4XIbmpsoTz,Hanya Ingin Berdansa (Tomi Temp Acoustic Rework),196650,4,0CWHkOQjOy2p7QwuWJR6im,True,Elektromantik - EP,single,2024-01-04,4,https://open.spotify.com/album/0CWHkOQjOy2p7QwuWJR6im,"Dyno Wibisono, Tomi Temp"
4msLey35hVOPVByJvz7fEM,Terbang Tinggi,200020,22,6eBtOPGqy4UpJOvLCyVEYx,False,Terbang Tinggi,single,2025-05-29,6,https://open.spotify.com/album/6eBtOPGqy4UpJOvLCyVEYx,Evolette
4nc0oPbNouclNDBNMd9T33,Bukan Rasa,245506,3,3OsnhKnzTPZG7GKfelUyGn,False,Bukan Rasa,single,2021-01-11,1,https://open.spotify.com/album/3OsnhKnzTPZG7GKfelUyGn,Priskila Wowor
4nspGKkCaJVwrs3uut3m12,Cinta Kali Ini,263133,3,1UZmT9gTSIiZ2uUqVL2Bhp,False,Blooming Inspiration,album,2024-12-04,8,https://open.spotify.com/album/1UZmT9gTSIiZ2uUqVL2Bhp,Veravey
4pQ586gvTcK4T6w9HMAglt,Kebohongan Hati,244971,4,2MuRVlBHhoQ6iDdl32ytru,False,Kebohongan Hati,single,2025-04-30,1,https://open.spotify.com/album/2MuRVlBHhoQ6iDdl32ytru,Teeloe Band
4pvb0WLRcMtbPGmtejJJ6y,exile (feat. Bon Iver),285634,81,2fenSS68JI1h4Fo296JfGr,True,folklore,album,2020-07-24,16,https://open.spotify.com/album/2fenSS68JI1h4Fo296JfGr,"Bon Iver, Taylor Swift"
4qv6xToQ2MQu3fquwmUPeq,Siapa Menyangka,222732,58,4vQkYDrZF6U4AnH1gmllrQ,False,Siapa Menyangka,single,2025-06-11,1,https://open.spotify.com/album/4vQkYDrZF6U4AnH1gmllrQ,Glenn Samuel
4rSc9lgfyvMZRpdqIoVa8B,Selalu Bersama,272300,33,56G9rp9abtLjiXitVlHIO3,False,Bersinar,album,2025-06-19,9,https://open.spotify.com/album/56G9rp9abtLjiXitVlHIO3,Etenia Croft
4vKpA5igUOIyLvPUOaEAei,Bila Kita Adalah Puisi,323829,23,2lg9xMIXJghVr5i6vQ3MtS,False,Metamorfosa,album,2025-06-06,9,https://open.spotify.com/album/2lg9xMIXJghVr5i6vQ3MtS,Jendela dan Pena
4xMDmkxaVCLAEoeyo6gwGB,Melamun - Alternate,208715,4,66rw60NrIZyYSw2IbfZWDx,False,Melamun (Alternate),single,2025-06-19,1,https://open.spotify.com/album/66rw60NrIZyYSw2IbfZWDx,Pasha Andra
4yvGKUIIro01rpX75buvjq,Yes Yes Semua Baik,184879,6,0wnQiEpSGznjd6HfJFbcBr,False,Yes Yes Semua Baik,single,2025-08-06,1,https://open.spotify.com/album/0wnQiEpSGznjd6HfJFbcBr,Gede Jerson
4zPZ7Uy5MLeIfeq4G46UIu,Gelora Asmara,189000,43,1TgyHkafKmeUG3vvJzrSof,False,Apakah Kita?,single,2025-08-17,4,https://open.spotify.com/album/1TgyHkafKmeUG3vvJzrSof,Tissa Biani
50ea8718rLjdtiljsz0esV,NISCAYA NIRKALA,327739,17,6BcoQfsbDqEHspduyCkacx,False,NISCAYA NIRKALA,single,2025-07-14,1,https://open.spotify.com/album/6BcoQfsbDqEHspduyCkacx,Cita Rahayu
52Zl51Jef7To1ltKpGrV9F,Tawakal,313427,6,6Cjfh4nhTKsbsJP0bFCgqI,False,Tawakal,single,2025-05-14,1,https://open.spotify.com/album/6Cjfh4nhTKsbsJP0bFCgqI,RIZKY WIRAWAN
53TueWwUvYKwATSfxyHS32,Berikan Yang Terbaik,211384,31,2CpzRsdtSHpkrQ76WgzaZ5,False,Berikan Yang Terbaik,single,2025-07-04,1,https://open.spotify.com/album/2CpzRsdtSHpkrQ76WgzaZ5,StarBe
56DxR1jHbX6xlGwZdUuN0v,Reason To Stay,198813,70,7ooSA4xT6dVvDN8j8AeaH0,False,Ok Love You Bye,single,2019-11-22,4,https://open.spotify.com/album/7ooSA4xT6dVvDN8j8AeaH0,Olivia Dean
56O7JEp5hnACr1rd7TQGf4,Sesuai Janji Kita,278153,30,17ogIXTTf66hZH9vwQyvwE,False,Yang Terbaik,album,2025-05-09,7,https://open.spotify.com/album/17ogIXTTf66hZH9vwQyvwE,Sammy Simorangkir
57T1ovyjq0mZkXT0gTq1a1,Indahkan Harimu,190920,3,1UZmT9gTSIiZ2uUqVL2Bhp,False,Blooming Inspiration,album,2024-12-04,8,https://open.spotify.com/album/1UZmT9gTSIiZ2uUqVL2Bhp,Veravey
58K0d2BVm08hK4GFXVxpxQ,Kaleidoscope (I Don't Remember How to Love So Free),294613,11,0Km93HKI7CPYVUwbl0LmUu,False,Kaleidoscope (I Don't Remember How to Love So Free),single,2025-07-11,1,https://open.spotify.com/album/0Km93HKI7CPYVUwbl0LmUu,Salsa Nadhif
59xjbLJQ0A0ZuX2vGCdlGw,Penguasa Hati (Original Soundtrack from Air Mata Mualaf),197014,40,5LB1ktcCp1BxV6NFbUSjl7,True,Penguasa Hati (Original Soundtrack from Air Mata Mualaf),single,2025-07-01,1,https://open.spotify.com/album/5LB1ktcCp1BxV6NFbUSjl7,"Jasper Supayah, Tya Subiakto"
5DxDLsW6PsLz5gkwC7Mk5S,Free,187963,94,14JkAa6IiFaOh5s0nMyMU9,True,KPop Demon Hunters (Soundtrack from the Netflix Film),album,2025-06-20,12,https://open.spotify.com/album/14JkAa6IiFaOh5s0nMyMU9,"Andrew Choi, EJAE, Jinu, KPop Demon Hunters Cast, Rumi"
5EWyweCJ5igLl6bjbGRmGm,Calon Mantu Idaman (feat. Ncum),189230,81,4n4ZdQUXAs9BevRhBHtGdr,True,Calon Mantu Idaman (feat. Ncum),single,2025-05-16,1,https://open.spotify.com/album/4n4ZdQUXAs9BevRhBHtGdr,"Ncum, Rombongan Bodonk Koplo"
5EoV2HmAlkqN1XvsIjOBZZ,STYLE,209671,78,2bCF7O4JPKcxtlOw7AtphB,False,STYLE,single,2025-06-18,1,https://open.spotify.com/album/2bCF7O4JPKcxtlOw7AtphB,Hearts2Hearts
5Etj8lXoKwRVOiqSXcFagE,Satukan Dengan Cinta,253805,4,4IyUAv4jWMSFbnlClbQOWS,True,Satukan Dengan Cinta,single,2022,1,https://open.spotify.com/album/4IyUAv4jWMSFbnlClbQOWS,"Celina, Chandra Rian, Kendah, Meha, Soraya, Swain, THE GRNM, mahalinda"
5FInkXMyxWHOvwejaEnPRd,Sepenuh Hati,247820,67,1SCxm7IxbHVv9my7yM832a,True,Sepenuh Hati,single,2024-03-28,1,https://open.spotify.com/album/1SCxm7IxbHVv9my7yM832a,"Andi Rianto, Rony Parulian"
5FbpFFpgzGzX0zgKYFlRSC,Memories,200000,30,6TQteNMqGOTA161gDJuMCP,False,Memory Lane,single,2025-05-30,6,https://open.spotify.com/album/6TQteNMqGOTA161gDJuMCP,Jabing
5H1sKFMzDeMtXwND3V6hRY,JUMP,164718,94,3hzoZlx2KwtvJEUl9piPWr,False,JUMP,single,2025-07-11,1,https://open.spotify.com/album/3hzoZlx2KwtvJEUl9piPWr,BLACKPINK
5J4N5tKo5rLQybyyNeOeiq,Cintaku,252231,4,5jJlPb5FV1Sikgzdd42Qdd,False,Semesta,album,2015,8,https://open.spotify.com/album/5jJlPb5FV1Sikgzdd42Qdd,Michelle
5JUHlJXGn96HzAOi0koy41,Bungah,306461,8,7k5wFMzHW0E3o0cNxefyBV,False,Bungah,single,2025-06-20,1,https://open.spotify.com/album/7k5wFMzHW0E3o0cNxefyBV,Hendra Kumbara
5KoC6YdabgtcxPeBVJSQ9J,Tidak Banyak - Banyak,262986,45,4fYVJrm2ngaGcqYw9O4llT,False,Tidak Banyak - Banyak,single,2025-08-22,1,https://open.spotify.com/album/4fYVJrm2ngaGcqYw9O4llT,Batas Senja
5MRdQwlU8ArU5Tl6tIr5Nv,Mengapa,242217,33,0uHVsjIOPkXKP5aAGmaira,False,Unreleased,album,2025-07-25,11,https://open.spotify.com/album/0uHVsjIOPkXKP5aAGmaira,Mike Mohede
5NmjnghJGJRFg34KGGx8O0,Seandainya,263407,78,3zzIZJAYdeMttVROyFSUfN,False,My First Love,album,2011-06-01,12,https://open.spotify.com/album/3zzIZJAYdeMttVROyFSUfN,Vierra
5OxShnsR3JJRxJLxFCpLyt,Takdirku,198604,4,5hmXfBan9gJCBLRVK5BP8a,False,Takdirku,single,2024-05-21,1,https://open.spotify.com/album/5hmXfBan9gJCBLRVK5BP8a,Akbar Tawakal
5P4nLWmGlHamO37AI6fRjH,Lini Masa,273529,3,0qovnPYtQ9AGl1iSFJCjlG,False,Lini Masa,single,2024-06-08,1,https://open.spotify.com/album/0qovnPYtQ9AGl1iSFJCjlG,Rusli Zainudin
5RfRFwqyXPBhoEBtmDWBnZ,Rumah Paling Hangat,267789,5,4q4g9QycqKN4j71CAf24tn,False,"Pergilah, Aku Takkan Menyerah",single,2025-07-30,4,https://open.spotify.com/album/4q4g9QycqKN4j71CAf24tn,Growin On The Planet
5T9xVlxb7MVySBTLl5mjwl,Apa Bisa,226218,26,2ciuBN5ZorQoo1oIi73dwL,False,Apa Bisa,single,2021-10-22,1,https://open.spotify.com/album/2ciuBN5ZorQoo1oIi73dwL,Delisha Okta
5WIOLZYoHD0dDVSrocP8J7,Metamorfosa,311430,12,2lg9xMIXJghVr5i6vQ3MtS,False,Metamorfosa,album,2025-06-06,9,https://open.spotify.com/album/2lg9xMIXJghVr5i6vQ3MtS,Jendela dan Pena
5WOSNVChcadlsCRiqXE45K,everything u are,236489,82,6HiRRMXgflIyrpjCiPW8rU,False,"Doves, '25 on Blank Canvas",album,2025-02-24,16,https://open.spotify.com/album/6HiRRMXgflIyrpjCiPW8rU,Hindia
5Xlv1dS2yPh3Wl1OvyVDea,Sebuah Keyakinan,247538,6,21UBSke16TIBrUqqj3buqG,False,Sebuah Keyakinan,single,2025-03-25,1,https://open.spotify.com/album/21UBSke16TIBrUqqj3buqG,RIZKY WIRAWAN
5Yh1sTQAU3BTIKMp3K5ZOX,Tak Ada Yang Sepertimu,191079,73,46Vu60ForvCqH8L7l9X6BP,False,Rahasia Pertama,album,2025-05-01,8,https://open.spotify.com/album/46Vu60ForvCqH8L7l9X6BP,Rony Parulian
5aBpXjj0F93nt1rzqxqST6,Sudah Bisa Tertawa,195584,35,7HSx5rMcd6OlGlccE7ow9h,False,Sudah Bisa Tertawa,single,2025-08-15,1,https://open.spotify.com/album/7HSx5rMcd6OlGlccE7ow9h,Alisha Dira
5c0DOWwz7MkYfI2Thi6fzm,Sampai Kapan,208279,1,09jEiB9l4n6OMiZ29VPJ1k,True,Sampai Kapan,single,2025-05-31,1,https://open.spotify.com/album/09jEiB9l4n6OMiZ29VPJ1k,"Eddy Sutrisna, Simfoni Semesta Band"
5eBk8ZXcd0pb0AO4a5PpOg,Gala bunga matahari,209693,73,5uAcLj2EJLtQtKMyDYCI0Q,False,MARKERS AND SUCH PENS FLASHDISKS,album,2024-04-30,15,https://open.spotify.com/album/5uAcLj2EJLtQtKMyDYCI0Q,Sal Priadi
5fmyW3X3kncOOVlmcWhORH,Terbuang Dalam Waktu,281173,79,65hiBZugUD4hPjDM4RurWC,False,Jalaran Sadrah,album,2024-06-21,9,https://open.spotify.com/album/65hiBZugUD4hPjDM4RurWC,Barasuara
5jLzpxUOnCsX5tfq7TGY9v,Kenangan Manis,207937,73,6CYiVTU1drHMvGHgMHmLQZ,False,Walk the Talk,album,2018-07-20,16,https://open.spotify.com/album/6CYiVTU1drHMvGHgMHmLQZ,Pamungkas
5ljSDO6UpH02bQllrMR4Al,Karena Kamu,234521,70,2SmU6r1YyFGH1KwCYSithy,False,Meraih Bintang,album,2011-01-03,11,https://open.spotify.com/album/2SmU6r1YyFGH1KwCYSithy,Geisha
5oy5qoCYSSsf3nOEe9aIYZ,Kesepian,249939,70,0KUthdNI5OHnflJNj6Jd2g,False,"Love, Love & Love",album,2011-02-01,12,https://open.spotify.com/album/0KUthdNI5OHnflJNj6Jd2g,Vierra
5p8HCGUnuTo7PalnJv20Xc,Ocean of Time,228078,1,3sELUzVXhGl4v2ibMbzYJ2,True,Ocean of Time,single,2025-08-26,1,https://open.spotify.com/album/3sELUzVXhGl4v2ibMbzYJ2,"Eddy Sutrisna, Velvet Sunrise"
5rcPFF1YNc5HtwdLJz3ObQ,CHANGE ORCHESTRA - Remastered 2025,308736,5,6bC8xz6QLhf6I69CGzjBUC,False,CHANGE ORCHESTRA (Remastered 2025),single,2025-07-16,1,https://open.spotify.com/album/6bC8xz6QLhf6I69CGzjBUC,Freak Indonesia
5rhwXZP0luMucnEPnYJpbI,Kasih Aba Aba,176608,82,7epsFufhjXWBTRp8i4IkmM,True,Kasih Aba Aba,single,2025-04-28,1,https://open.spotify.com/album/7epsFufhjXWBTRp8i4IkmM,"Jemsii, Naykilla, Tenxi"
5sBDrrtLGbV64QJnEqfjer,What It Sounds Like,250268,94,14JkAa6IiFaOh5s0nMyMU9,True,KPop Demon Hunters (Soundtrack from the Netflix Film),album,2025-06-20,12,https://open.spotify.com/album/14JkAa6IiFaOh5s0nMyMU9,"AUDREY NUNA, EJAE, HUNTR/X, KPop Demon Hunters Cast, REI AMI"
5tlb0AxuzsMWL2GtEppXGX,Multo,237692,83,2WOyuTsNHF90SryrS3kmIN,False,Silakbo,album,2025-01-17,10,https://open.spotify.com/album/2WOyuTsNHF90SryrS3kmIN,Cup of Joe
5upAkHGjeDlEQLP20QmKM6,Hari Yang Mantap,230438,53,2CpRKQIcqQkb7fspvfYbOm,True,ENDIKUP,album,2025-07-06,9,https://open.spotify.com/album/2CpRKQIcqQkb7fspvfYbOm,"Gusti Irwan Wibowo, Nehru Rindra"
5yZ3yQjnXkYzNvL59hQNs0,Monopoly,195176,6,6TQteNMqGOTA161gDJuMCP,False,Memory Lane,single,2025-05-30,6,https://open.spotify.com/album/6TQteNMqGOTA161gDJuMCP,Jabing
62SgmezUdtZEyblhn4W9jB,I Love U Anyway,188764,21,6TQteNMqGOTA161gDJuMCP,False,Memory Lane,single,2025-05-30,6,https://open.spotify.com/album/6TQteNMqGOTA161gDJuMCP,Jabing
62tfH7FFVSWaRgQMlgJXTB,Cahaya Hati,213319,5,10ACT0d75wHgbzLVgzbPB3,False,Cahaya Hati,single,2024-12-05,1,https://open.spotify.com/album/10ACT0d75wHgbzLVgzbPB3,Gede Jerson
630DpnzdfjdVqv2yLfPbAX,Bertaut,315960,79,75KyCmWatZRvlMcMRed9BG,False,Selamat Ulang Tahun,album,2020-05-28,10,https://open.spotify.com/album/75KyCmWatZRvlMcMRed9BG,Nadin Amizah
63iIkfULWLYLtg7QendSTZ,Baik Saja,250000,18,49S1Wi46KfkUTotd2q3y22,False,Baik Saja,single,2024-11-11,1,https://open.spotify.com/album/49S1Wi46KfkUTotd2q3y22,Laluantala
654ZF6YNWjQS2NhwR3QnX7,Komang,222706,79,7F3BUHlrZdaKrtSQ0LEpLm,False,Komang,single,2022-08-16,1,https://open.spotify.com/album/7F3BUHlrZdaKrtSQ0LEpLm,Raim Laode
66Kb3CwS9Z0uymNxBN6azw,Kawan Sejiwa,239477,6,4kTJj33uwl3DWDiAeNTZiN,False,Kawan Sejiwa,single,2025-07-27,1,https://open.spotify.com/album/4kTJj33uwl3DWDiAeNTZiN,Rahayan
66bAuBggOmZ4YDgqlWk8Fo,Sebatas Mimpi,218240,66,7i0hFkyqprLGxZu5uVGEnY,True,Sebatas Mimpi,single,2025-06-05,1,https://open.spotify.com/album/7i0hFkyqprLGxZu5uVGEnY,"Angie Carvalho, Yovie Widianto"
66i7tV9GdoDIerE7vifwV3,Perbedaan,233422,4,0CWHkOQjOy2p7QwuWJR6im,False,Elektromantik - EP,single,2024-01-04,4,https://open.spotify.com/album/0CWHkOQjOy2p7QwuWJR6im,Dyno Wibisono
6Ag5gGtwa54zOgBIwBgZVM,Tak Pernah Salah - Duet Version,265814,7,6AKl5hQqfWBT5wWaDtiMom,True,Cinta Tak Pernah Salah,single,2024-10-04,7,https://open.spotify.com/album/6AKl5hQqfWBT5wWaDtiMom,"Meha, Shayan Malik"
6BQiGGlPp294KMLYQMmS0C,You'll Find Lovers Like You and Me,209536,57,7Fqm1j72ZIaBOazURTNRAj,False,You'll Find Lovers Like You and Me,single,2025-06-26,1,https://open.spotify.com/album/7Fqm1j72ZIaBOazURTNRAj,Reality Club
6Hii26x3qDErVitnGW8QtO,Runtuh,223973,79,5boeKAXsTkdFlm6OnkQxQW,True,Runtuh,single,2021-10-01,1,https://open.spotify.com/album/5boeKAXsTkdFlm6OnkQxQW,"Feby Putri, Fiersa Besari"
6JkEgDxW2YsGq5OCb5Ueom,Bubblegum,212964,29,7nwR8cZXFACiyyfy3vxEYo,False,Bubblegum,single,2025-08-15,1,https://open.spotify.com/album/7nwR8cZXFACiyyfy3vxEYo,Bloodlyne
6KfugJFINWqA42k59hmjFr,TABOLA BALE,274381,85,56paKQ8XwNS0fSkWaMiJMm,True,TABOLA BALE,single,2025-04-03,1,https://open.spotify.com/album/56paKQ8XwNS0fSkWaMiJMm,"Diva Aurel, Jacson Seran, Juan Reza, Silet Open Up"
6LwpW2WMxPqICW1dBXsV7a,How Much Do You Love Me,226865,17,5esuY8C9LUggVuV7XQ24Ky,False,The Surrealist Party,album,2023-11-24,10,https://open.spotify.com/album/5esuY8C9LUggVuV7XQ24Ky,TERUNA
6PrVvWP4SDaKOMweP5PKMt,Kiss Me Through the Phone,188993,34,3HhUAxZKzNOjTyTxc5zvzk,False,Kiss Me Through the Phone,single,2025-07-11,1,https://open.spotify.com/album/3HhUAxZKzNOjTyTxc5zvzk,Bloodlyne
6S6zDjKfzPBNtlDdN9VWwM,Sambut Tanganku,253900,2,21XVpTY446abEdiMtyTA1F,True,Sambut Tanganku,single,2025-08-29,1,https://open.spotify.com/album/21XVpTY446abEdiMtyTA1F,"Tefira Kirana, Teguh Sants"
6TWjztpwmfYqS5HzJTyhxV,Puisi,267341,37,49pqUpwILtFoDbQ3DfoHDQ,False,Puisi (Ost. Septihan Series),single,2025-08-30,1,https://open.spotify.com/album/49pqUpwILtFoDbQ3DfoHDQ,Aqeela Calista
6TtteuHgU2MECZBI3plEdH,Bersamamu,236250,11,5cjQ3QywLDMVsAeu8vc7wg,False,Legacy,album,2025-02-22,8,https://open.spotify.com/album/5cjQ3QywLDMVsAeu8vc7wg,Jabal M Noor
6UPIYWXWEpf1D1adddKJPt,Tak Lagi Berarti,254937,14,6foteK8CV26hHsEivsIFPs,False,Tak Lagi Berarti,single,2020-10-30,1,https://open.spotify.com/album/6foteK8CV26hHsEivsIFPs,SOULGROOVE
6UgTAjxJrBg8KPAxYRj70o,In My Veins,313133,3,1UZmT9gTSIiZ2uUqVL2Bhp,False,Blooming Inspiration,album,2024-12-04,8,https://open.spotify.com/album/1UZmT9gTSIiZ2uUqVL2Bhp,Veravey
6UnMqDfort3QWiur8sBmvP,Hanya Kamu,209000,3,7nbYV5qny6KMqJMTAAw0aS,False,Hanya Kamu,single,2025-01-07,1,https://open.spotify.com/album/7nbYV5qny6KMqJMTAAw0aS,Rusli Zainudin
6VC6SieWs1t4qL4Zuko3Yq,virus cantik,199131,0,6OcsDDXpwz06a1E4D8YuFU,False,virus cantik,single,2024-07-26,1,https://open.spotify.com/album/6OcsDDXpwz06a1E4D8YuFU,Patria NK
6W4zmyXBzPzChULilUoPwA,Berakhir Dalam Diam,159199,6,3ck4zrwtAxJMSWJKkSlTWK,False,Berakhir Dalam Diam,single,2025-05-25,1,https://open.spotify.com/album/3ck4zrwtAxJMSWJKkSlTWK,Gede Jerson
6WXCYLebVCk9jUoACkSSrA,Baikin Aja,238315,3,3DdwmlX9M9I9lyGAHWKJpY,False,Baikin Aja,single,2020-03-05,1,https://open.spotify.com/album/3DdwmlX9M9I9lyGAHWKJpY,Shinta Priwit
6Wx8lN79gV86KU58XoJqQg,Lagu Sederhana,168517,4,3yhFQmXIxHqPrySrgkrWqR,False,Lagu Sederhana,single,2025-01-10,1,https://open.spotify.com/album/3yhFQmXIxHqPrySrgkrWqR,Priskila Wowor
6YF5BNUUZLFMs2Z96jvovv,Orang Biasa,214379,50,6iouAGOCicSo8yUPxzyUeR,True,Orang Biasa,single,2025-08-22,1,https://open.spotify.com/album/6iouAGOCicSo8yUPxzyUeR,"Aziz Hedra, Sisca Saras"
6cChz3Pak7UtjuVJJRZmCm,Sialan,241088,71,62tBcSn5N7vgrndYZwC4GB,True,HARAP-HARAP EMAS,album,2024-09-27,12,https://open.spotify.com/album/62tBcSn5N7vgrndYZwC4GB,"Adrian Khalif, Juicy Luicy"
6cebiKUXkoLYlaxzDfEPtS,Gaze,309293,57,2nftdSlqgiJ2lN8hu3dCEr,False,Forget Your Plan,album,2011,13,https://open.spotify.com/album/2nftdSlqgiJ2lN8hu3dCEr,Adhitia Sofyan
6cgBRhTzwk0OBhRX2E5F3V,Ini Abadi,232000,66,2ZI3XeIrCM1PsOtK3rlMth,False,Memorandum,album,2022-03-11,11,https://open.spotify.com/album/2ZI3XeIrCM1PsOtK3rlMth,Perunggu
6fSK4PrvnJ1GcwYLoZzU2m,Di Hatiku Selamanya,238293,31,56G9rp9abtLjiXitVlHIO3,False,Bersinar,album,2025-06-19,9,https://open.spotify.com/album/56G9rp9abtLjiXitVlHIO3,Etenia Croft
6gjkHuMOR0CrN7Vb2NoEdg,Anugerah Terindah,282200,72,4g3aTyVwe84yOlAM9LMWro,False,Cinta & Doa,album,2023-09-22,13,https://open.spotify.com/album/4g3aTyVwe84yOlAM9LMWro,Andmesh
6jFZCTZDTbF24QR74kcuXx,Pixels And Pain,178656,13,3d0hZvdOh7FRdgpSwsVJQp,False,Pixels And Pain,single,2025-06-05,4,https://open.spotify.com/album/3d0hZvdOh7FRdgpSwsVJQp,Rachel The Marionette
6lohkUGFFI7FFLvYMV02P2,Worries,302240,2,1UZmT9gTSIiZ2uUqVL2Bhp,False,Blooming Inspiration,album,2024-12-04,8,https://open.spotify.com/album/1UZmT9gTSIiZ2uUqVL2Bhp,Veravey
6mYhcBROW9TWGcaur1zmOG,Biasa Saja,236560,6,1HjNwurDv4fn7sCLAhVpaT,False,Biasa Saja,single,2025-07-18,1,https://open.spotify.com/album/1HjNwurDv4fn7sCLAhVpaT,Teman Jakarta
6qgtmk1dYotNuC8xGkVk6G,Tengadah,230000,29,2LRsesnoH0uWlkyscSXQ62,False,Tengadah,single,2025-08-02,1,https://open.spotify.com/album/2LRsesnoH0uWlkyscSXQ62,Klausa Kausal
6t02WD2iH5Pghfyri1JpWd,Bangkit kembali,159879,6,7L0K38nmeEwTco8mxKsxNV,False,Bangkit kembali,single,2025-05-30,1,https://open.spotify.com/album/7L0K38nmeEwTco8mxKsxNV,Gede Jerson
6usGtOjtvXJMDXtMvTEIrj,Di Sebelahmu,285560,3,2lg9xMIXJghVr5i6vQ3MtS,False,Metamorfosa,album,2025-06-06,9,https://open.spotify.com/album/2lg9xMIXJghVr5i6vQ3MtS,Jendela dan Pena
6vPs2QpyHKvYJ9Bq7CQaUu,Menunggumu Sampai Akhir Hidup,251298,61,2GtB6vMtpUwsQ2yqiandyJ,False,Menunggumu Sampai Akhir Hidup,single,2025-07-09,1,https://open.spotify.com/album/2GtB6vMtpUwsQ2yqiandyJ,Shanna Shannon
6wOYPDDG3gYhZCy4SNCFuF,We Always Together,251605,49,2CpRKQIcqQkb7fspvfYbOm,True,ENDIKUP,album,2025-07-06,9,https://open.spotify.com/album/2CpRKQIcqQkb7fspvfYbOm,"Gusti Irwan Wibowo, Hifdzikhoir"
6wj06az0WX7fClA2w319dO,Kata Mereka Ini Berlebihan,191141,73,5agEAxt8vks5Xk0NfEbI5D,False,"Sialnya, Hidup Harus Tetap Berjalan",album,2024-06-23,8,https://open.spotify.com/album/5agEAxt8vks5Xk0NfEbI5D,Bernadya
6zQ2ORQ2qXeWcNeBKvoLXZ,CHEESECAKE,270857,3,11Uv1fpFBvn9fHqhBrDAJr,False,ASHBERY75,single,2025-02-14,6,https://open.spotify.com/album/11Uv1fpFBvn9fHqhBrDAJr,DAYFAIR
70GUGyk1sJYFTqZpSJj2KM,Di Ujung Jalan,233640,74,1gZqKq1K0GzN6eFaEpDFcS,False,Perihal Besar,album,2013-01-01,12,https://open.spotify.com/album/1gZqKq1K0GzN6eFaEpDFcS,SAMSONS
7255jbUi0rkGZWiWQUcd5S,Waktu dan Melodi,234123,13,43HfwujaIJCzdBH82pFTrg,False,Waktu dan Melodi,single,2025-07-25,1,https://open.spotify.com/album/43HfwujaIJCzdBH82pFTrg,Kangga
732AruWokg3cphCPZXZrAd,Hatimu jauh Hatiku luka di sana,156919,5,3YGf2qiHGwMsjrvxK8bKov,False,Hatimu jauh Hatiku luka di sana,single,2025-05-17,1,https://open.spotify.com/album/3YGf2qiHGwMsjrvxK8bKov,Gede Jerson
77aHgpgk3YktDAcN8PuCFG,Bagiku Kaulah Segalanya,283820,10,2OGVmeTFCsBtoDtgOLxeou,True,Bagiku Kaulah Segalanya,single,2025-04-04,1,https://open.spotify.com/album/2OGVmeTFCsBtoDtgOLxeou,"Kirana Setio, THE GRNM"
77wkNVGQ6uGugYRVZSCYXm,Nikah Sama Tetangga,271625,4,39cVagfPpZdCtmuAsp2pbC,True,Nikah Sama Tetangga,single,2024-02-19,1,https://open.spotify.com/album/39cVagfPpZdCtmuAsp2pbC,"Foni Susanti, Rara Riezky Julia"
7BRy3rq9TLmzN8pZ61E5bA,Beta Cinta,219504,4,0sIeOrDGYdwfLZwzXOBjTr,False,RASA & CINTA,single,2025-03-19,4,https://open.spotify.com/album/0sIeOrDGYdwfLZwzXOBjTr,Josh Antonio
7EJn4U6IySwLSfLZX07muY,Ngapain Repot,254401,78,0hEt3PH6b53bkKUcjG09Ee,True,Ngapain Repot,single,2025-04-13,1,https://open.spotify.com/album/0hEt3PH6b53bkKUcjG09Ee,"Fresly Nikijuluw, Toton Caribo, Wizz Baker"
7Gl49OtAjcgjF1Zg0IEJzc,CONVO pt.1,283126,4,11Uv1fpFBvn9fHqhBrDAJr,False,ASHBERY75,single,2025-02-14,6,https://open.spotify.com/album/11Uv1fpFBvn9fHqhBrDAJr,DAYFAIR
7H0gR28EFNVktabvD1eIHt,Turun Dari Langit,195246,6,6AKl5hQqfWBT5wWaDtiMom,False,Cinta Tak Pernah Salah,single,2024-10-04,7,https://open.spotify.com/album/6AKl5hQqfWBT5wWaDtiMom,Meha
7J8uIKfBULbaG7g3zkMq4o,Unforgettable,260424,3,48ldf2ePRX79705C8SnBUx,False,Unforgettable,single,2023-05-27,1,https://open.spotify.com/album/48ldf2ePRX79705C8SnBUx,Rusli Zainudin
7JleWa3Nfx7i2dJxTHEJoP,Ku Bukan Milikmu Lagi,224571,22,2Tx1oHjBd6EOipDxmQKpHf,False,Ku Bukan Milikmu Lagi,single,2024-09-02,1,https://open.spotify.com/album/2Tx1oHjBd6EOipDxmQKpHf,Delisha Okta
7KmuYmySYyCGXOa7iBgt6t,Don't Say I Never Loved You (DSINLY),196875,29,1NwzftYAtUn6yMuJqJ6SYK,False,Don't Say I Never Loved You (DSINLY),single,2025-05-23,1,https://open.spotify.com/album/1NwzftYAtUn6yMuJqJ6SYK,Bloodlyne
7L2wjlOxOhtLQcrVJvsR0x,Cinta Tak Bertemu,255600,27,59nb0p7q6mCKMPTxzPbvHV,False,Cinta Tak Bertemu,single,2025-07-09,1,https://open.spotify.com/album/59nb0p7q6mCKMPTxzPbvHV,Trisouls
7M0gFKf3Dk3g7jSpjZIi7I,Di Teras Rumah,295560,3,2lg9xMIXJghVr5i6vQ3MtS,False,Metamorfosa,album,2025-06-06,9,https://open.spotify.com/album/2lg9xMIXJghVr5i6vQ3MtS,Jendela dan Pena
7grgmVfNWog3UXTvX7UL63,Hadapi Sendiri,208864,29,5QzsVQw4BpRup4lG7vp9R2,False,Hadapi Sendiri,single,2025-06-27,1,https://open.spotify.com/album/5QzsVQw4BpRup4lG7vp9R2,Gilang Arsa
7ih7pYSRZgWCTXuOmrnXjX,Dame Un Grrr,133220,79,1QJWpxXcEr1AH3BLeI0s65,True,Dame Un Grrr,single,2025-06-20,1,https://open.spotify.com/album/1QJWpxXcEr1AH3BLeI0s65,"Fantomel, Kate Linn"
7lulQZKlbZzBKsK4rfP8h5,PICA PICA,204238,78,7bSpPZ1veveCgWfDOFVCxH,False,PICA PICA,single,2025-03-17,1,https://open.spotify.com/album/7bSpPZ1veveCgWfDOFVCxH,Juan Reza
7o3xJRQhpHRZ6IbyQX2xrp,we never dated,196931,82,6qnPn5mO9HnoxRKv3zhaez,False,we never dated,single,2025-06-20,1,https://open.spotify.com/album/6qnPn5mO9HnoxRKv3zhaez,sombr
7rcbwjIaZ5jEgyFk35Bqfj,DAISIES,176453,78,6ZXIXOT3F3ixjH66eqJl0S,False,SWAG,album,2025-07-11,21,https://open.spotify.com/album/6ZXIXOT3F3ixjH66eqJl0S,Justin Bieber
7rpUsVjQyitDQ27NRybgZl,Whatever - Remastered,382266,63,50xG9YujTzMGaLHfJTskBy,False,Definitely Maybe (Remastered),album,1994-08-29,44,https://open.spotify.com/album/50xG9YujTzMGaLHfJTskBy,Oasis
7vWGpuaKnXnlOvDCufHyqt,Semua Rasa,233858,8,56G9rp9abtLjiXitVlHIO3,False,Bersinar,album,2025-06-19,9,https://open.spotify.com/album/56G9rp9abtLjiXitVlHIO3,Etenia Croft
7w6d0qKMAGM88C7y4q3DVT,Pergi,206500,13,3BnXTOop36UDXxuLOcNkTE,False,Pergi,single,2024-02-25,1,https://open.spotify.com/album/3BnXTOop36UDXxuLOcNkTE,BoogerSnot
7xDROU78DftUhEL5Bylfml,Samar,266516,7,4nRBrB1QnKdrP8YAcAcwzy,True,Samar,single,2025-05-16,1,https://open.spotify.com/album/4nRBrB1QnKdrP8YAcAcwzy,"Bareza, Fort Salta"
7y21QqPqDf03RDacIB9wp3,Electric Pleasure,226443,16,7yTQOmoBGXQngdnoovGOgF,False,Electric Pleasure,single,2025-09-01,1,https://open.spotify.com/album/7yTQOmoBGXQngdnoovGOgF,PixelGvrl
7yHRmaBkHKXKJmS1xMzicZ,Punkrocker (feat. Iggy Pop) - As featured in Superman,246786,76,4MHVx1PFPrYUzO0zbh95Q0,True,Soft Machine,album,2006,13,https://open.spotify.com/album/4MHVx1PFPrYUzO0zbh95Q0,"Iggy Pop, Teddybears"
